Workbook

Sheet Kintoneデータ抽出

Sheet クライアント名あり（縦）
A1: キッズコーポレーション 運営実績
O3: 46029
G4: １，認可保育園・小規模保育事業等 | K4: ='地図版 '!N6 -> 0 | M4: 園
G5: ２，病院内保育園 | K5: ='地図版 '!N4 -> 0 | M5: 園
G6: ３，事業所内保育園 | K6: ='地図版 '!N5 -> 0 | M6: 園
G7: 合計稼働園数（開園予定含む） | K7: ='地図版 '!N3 -> 0 | M7: 園
G8: うち開園予定 | K8: ='地図版 '!N8 -> 0 | M8: 園
B10: １．認可保育園・小規模保育事業企画運営 | N10: 園
D11: No. | F11: 地域 | G11: クライアント名 | H11: 施設名 | I11: 定員数 | J11: 開園日 | K11: 形態
B12: 東 北 | D12: =IF(H12<>"",1,"") | F12: {=IFERROR(INDEX(Kintoneデータ抽出!A:A, _xlfn.AGGREGATE(15, 6, ROW(Kintoneデータ抽出!$K$2:$K$5000) / ((Kintoneデータ抽出!$K$2:$K$5000="小規模") + (Kintoneデータ抽出!$K$2:$K$5000="認可")), ROW(A1))), "")} | G12: {=IFERROR(INDEX(Kintoneデータ抽出!D:D, _xlfn.AGGREGATE(15, 6, ROW(Kintoneデータ抽出!$K$2:$K$5000) / ((Kintoneデータ抽出!$K$2:$K$5000="小規模") + (Kintoneデータ抽出!$K$2:$K$5000="認可")), ROW(A1))), "")} | H12: {=IFERROR(INDEX(Kintoneデータ抽出!C:C, _xlfn.AGGREGATE(15, 6, ROW(Kintoneデータ抽出!$K$2:$K$5000) / ((Kintoneデータ抽出!$K$2:$K$5000="小規模") + (Kintoneデータ抽出!$K$2:$K$5000="認可")), ROW(A1))), "")} | I12: {=IFERROR(IF(INDEX(Kintoneデータ抽出!G:G, _xlfn.AGGREGATE(15, 6, ROW(Kintoneデータ抽出!$K$2:$K$5000) / ((Kintoneデータ抽出!$K$2:$K$5000="小規模") + (Kintoneデータ抽出!$K$2:$K$5000="認可")), ROW(A1)))<>"",INDEX(Kintoneデータ抽出!G:G, _xlfn.AGGREGATE(15, 6, ROW(Kintoneデータ抽出!$K$2:$K$5000) / ((Kintoneデータ抽出!$K$2:$K$5000="小規模") + (Kintoneデータ抽出!$K$2:$K$5000="認可")), ROW(A1)))&"名",""), "")} | J12: {=IFERROR(IF(INDEX(Kintoneデータ抽出!E:E, _xlfn.AGGREGATE(15, 6, ROW(Kintoneデータ抽出!$K$2:$K$5000) / ((Kintoneデータ抽出!$K$2:$K$5000="小規模") + (Kintoneデータ抽出!$K$2:$K$5000="認可")), ROW(A1)))<>"", YEAR(INDEX(Kintoneデータ抽出!E:E, _xlfn.AGGREGATE(15, 6, ROW(Kintoneデータ抽出!$K$2:$K$5000) / ((Kintoneデータ抽出!$K$2:$K$5000="小規模") + (Kintoneデータ抽出!$K$2:$K$5000="認可")), ROW(A1))))&"年" &MONTH(INDEX(Kintoneデータ抽出!E:E, _xlfn.AGGREGATE(15, 6, ROW(Kintoneデータ抽出!$K$2:$K$5000) / ((Kintoneデータ抽出!$K$2:$K$5000="小規模") + (Kintoneデータ抽出!$K$2:$K$5000="認可")), ROW(A1))))&"月" &DAY(INDEX(Kintoneデータ抽出!E:E, _xlfn.AGGREGATE(15, 6, ROW(Kintoneデータ抽出!$K$2:$K$5000) / ((Kintoneデータ抽出!$K$2:$K$5000="小規模") + (Kintoneデータ抽出!$K$2:$K$5000="認可")), ROW(A1))))&"日",""), "")} | K12: {=IFERROR(IF(INDEX(Kintoneデータ抽出!F:F, _xlfn.AGGREGATE(15, 6, ROW(Kintoneデータ抽出!$K$2:$K$5000) / ((Kintoneデータ抽出!$K$2:$K$5000="小規模") + (Kintoneデータ抽出!$K$2:$K$5000="認可")), ROW(A1)))<>"", VLOOKUP(INDEX(Kintoneデータ抽出!F:F, _xlfn.AGGREGATE(15, 6, ROW(Kintoneデータ抽出!$K$2:$K$5000) / ((Kintoneデータ抽出!$K$2:$K$5000="小規模") + (Kintoneデータ抽出!$K$2:$K$5000="認可")), ROW(A1))),基本開園日の表記!$A$2:$B$13,2,FALSE),""), "")} | L12: {=IFERROR(IF(INDEX(Kintoneデータ抽出!F:F, _xlfn.AGGREGATE(15, 6, ROW(Kintoneデータ抽出!$K$2:$K$5000) / ((Kintoneデータ抽出!$K$2:$K$5000="小規模") + (Kintoneデータ抽出!$K$2:$K$5000="認可")), ROW(A1)))<>"", IF(COUNTIF(INDEX(Kintoneデータ抽出!F:F, _xlfn.AGGREGATE(15, 6, ROW(Kintoneデータ抽出!$K$2:$K$5000) / ((Kintoneデータ抽出!$K$2:$K$5000="小規模") + (Kintoneデータ抽出!$K$2:$K$5000="認可")), ROW(A1))),"*あり*"),"夜間",""),""), "")} | M12: {=IFERROR(IF(INDEX(Kintoneデータ抽出!I:I, _xlfn.AGGREGATE(15, 6, ROW(Kintoneデータ抽出!$K$2:$K$5000) / ((Kintoneデータ抽出!$K$2:$K$5000="小規模") + (Kintoneデータ抽出!$K$2:$K$5000="認可")), ROW(A1)))<>"", IF(COUNTIF(INDEX(Kintoneデータ抽出!I:I, _xlfn.AGGREGATE(15, 6, ROW(Kintoneデータ抽出!$K$2:$K$5000) / ((Kintoneデータ抽出!$K$2:$K$5000="小規模") + (Kintoneデータ抽出!$K$2:$K$5000="認可")), ROW(A1))),"*あり*"),"学童",""),""), "")} | N12: {=IFERROR(IF(INDEX(Kintoneデータ抽出!H:H, _xlfn.AGGREGATE(15, 6, ROW(Kintoneデータ抽出!$K$2:$K$5000) / ((Kintoneデータ抽出!$K$2:$K$5000="小規模") + (Kintoneデータ抽出!$K$2:$K$5000="認可")), ROW(A1)))<>"", IF(COUNTIF(INDEX(Kintoneデータ抽出!H:H, _xlfn.AGGREGATE(15, 6, ROW(Kintoneデータ抽出!$K$2:$K$5000) / ((Kintoneデータ抽出!$K$2:$K$5000="小規模") + (Kintoneデータ抽出!$K$2:$K$5000="認可")), ROW(A1))),"*あり*"),"病児",""),""), "")} | O12: {=IFERROR( IF(INDEX(Kintoneデータ抽出!M:M, _xlfn.AGGREGATE(15, 6, ROW(Kintoneデータ抽出!$K$2:$K$5000) / ((Kintoneデータ抽出!$K$2:$K$5000="小規模") + (Kintoneデータ抽出!$K$2:$K$5000="認可")), ROW(A1)))<>0,INDEX(Kintoneデータ抽出!M:M, _xlfn.AGGREGATE(15, 6, ROW(Kintoneデータ抽出!$K$2:$K$5000) / ((Kintoneデータ抽出!$K$2:$K$5000="小規模") + (Kintoneデータ抽出!$K$2:$K$5000="認可")), ROW(A1))),""), "")} | P12: {=IFERROR(IF(INDEX(Kintoneデータ抽出!L:L, _xlfn.AGGREGATE(15, 6, ROW(Kintoneデータ抽出!$K$2:$K$5000) / ((Kintoneデータ抽出!$K$2:$K$5000="院内")), ROW(A1)))<>"", IF(COUNTIF(INDEX(Kintoneデータ抽出!L:L, _xlfn.AGGREGATE(15, 6, ROW(Kintoneデータ抽出!$K$2:$K$5000) / ((Kintoneデータ抽出!$K$2:$K$5000="院内")), ROW(A1))),"*企業主導型以外*"),"", IF(COUNTIF(INDEX(Kintoneデータ抽出!L:L, _xlfn.AGGREGATE(15, 6, ROW(Kintoneデータ抽出!$K$2:$K$5000) / ((Kintoneデータ抽出!$K$2:$K$5000="院内")), ROW(A1))),"*その他*"),"", IF(COUNTIF(INDEX(Kintoneデータ抽出!L:L, _xlfn.AGGREGATE(15, 6, ROW(Kintoneデータ抽出!$K$2:$K$5000) / ((Kintoneデータ抽出!$K$2:$K$5000="院内")), ROW(A1))),"*新制度*"),"新制度","企業主導型"))),""), "")}
D13: =IF(H13<>"",D12+1,"") | F13: {=IFERROR(INDEX(Kintoneデータ抽出!A:A, _xlfn.AGGREGATE(15, 6, ROW(Kintoneデータ抽出!$K$2:$K$5000) / ((Kintoneデータ抽出!$K$2:$K$5000="小規模") + (Kintoneデータ抽出!$K$2:$K$5000="認可")), ROW(A2))), "")} | G13: {=IFERROR(INDEX(Kintoneデータ抽出!D:D, _xlfn.AGGREGATE(15, 6, ROW(Kintoneデータ抽出!$K$2:$K$5000) / ((Kintoneデータ抽出!$K$2:$K$5000="小規模") + (Kintoneデータ抽出!$K$2:$K$5000="認可")), ROW(A2))), "")} | H13: {=IFERROR(INDEX(Kintoneデータ抽出!C:C, _xlfn.AGGREGATE(15, 6, ROW(Kintoneデータ抽出!$K$2:$K$5000) / ((Kintoneデータ抽出!$K$2:$K$5000="小規模") + (Kintoneデータ抽出!$K$2:$K$5000="認可")), ROW(A2))), "")} | I13: {=IFERROR(IF(INDEX(Kintoneデータ抽出!G:G, _xlfn.AGGREGATE(15, 6, ROW(Kintoneデータ抽出!$K$2:$K$5000) / ((Kintoneデータ抽出!$K$2:$K$5000="小規模") + (Kintoneデータ抽出!$K$2:$K$5000="認可")), ROW(A2)))<>"",INDEX(Kintoneデータ抽出!G:G, _xlfn.AGGREGATE(15, 6, ROW(Kintoneデータ抽出!$K$2:$K$5000) / ((Kintoneデータ抽出!$K$2:$K$5000="小規模") + (Kintoneデータ抽出!$K$2:$K$5000="認可")), ROW(A2)))&"名",""), "")} | J13: {=IFERROR(IF(INDEX(Kintoneデータ抽出!E:E, _xlfn.AGGREGATE(15, 6, ROW(Kintoneデータ抽出!$K$2:$K$5000) / ((Kintoneデータ抽出!$K$2:$K$5000="小規模") + (Kintoneデータ抽出!$K$2:$K$5000="認可")), ROW(A2)))<>"", YEAR(INDEX(Kintoneデータ抽出!E:E, _xlfn.AGGREGATE(15, 6, ROW(Kintoneデータ抽出!$K$2:$K$5000) / ((Kintoneデータ抽出!$K$2:$K$5000="小規模") + (Kintoneデータ抽出!$K$2:$K$5000="認可")), ROW(A2))))&"年" &MONTH(INDEX(Kintoneデータ抽出!E:E, _xlfn.AGGREGATE(15, 6, ROW(Kintoneデータ抽出!$K$2:$K$5000) / ((Kintoneデータ抽出!$K$2:$K$5000="小規模") + (Kintoneデータ抽出!$K$2:$K$5000="認可")), ROW(A2))))&"月" &DAY(INDEX(Kintoneデータ抽出!E:E, _xlfn.AGGREGATE(15, 6, ROW(Kintoneデータ抽出!$K$2:$K$5000) / ((Kintoneデータ抽出!$K$2:$K$5000="小規模") + (Kintoneデータ抽出!$K$2:$K$5000="認可")), ROW(A2))))&"日",""), "")} | K13: {=IFERROR(IF(INDEX(Kintoneデータ抽出!F:F, _xlfn.AGGREGATE(15, 6, ROW(Kintoneデータ抽出!$K$2:$K$5000) / ((Kintoneデータ抽出!$K$2:$K$5000="小規模") + (Kintoneデータ抽出!$K$2:$K$5000="認可")), ROW(A2)))<>"", VLOOKUP(INDEX(Kintoneデータ抽出!F:F, _xlfn.AGGREGATE(15, 6, ROW(Kintoneデータ抽出!$K$2:$K$5000) / ((Kintoneデータ抽出!$K$2:$K$5000="小規模") + (Kintoneデータ抽出!$K$2:$K$5000="認可")), ROW(A2))),基本開園日の表記!$A$2:$B$13,2,FALSE),""), "")} | L13: {=IFERROR(IF(INDEX(Kintoneデータ抽出!F:F, _xlfn.AGGREGATE(15, 6, ROW(Kintoneデータ抽出!$K$2:$K$5000) / ((Kintoneデータ抽出!$K$2:$K$5000="小規模") + (Kintoneデータ抽出!$K$2:$K$5000="認可")), ROW(A2)))<>"", IF(COUNTIF(INDEX(Kintoneデータ抽出!F:F, _xlfn.AGGREGATE(15, 6, ROW(Kintoneデータ抽出!$K$2:$K$5000) / ((Kintoneデータ抽出!$K$2:$K$5000="小規模") + (Kintoneデータ抽出!$K$2:$K$5000="認可")), ROW(A2))),"*あり*"),"夜間",""),""), "")} | M13: {=IFERROR(IF(INDEX(Kintoneデータ抽出!I:I, _xlfn.AGGREGATE(15, 6, ROW(Kintoneデータ抽出!$K$2:$K$5000) / ((Kintoneデータ抽出!$K$2:$K$5000="小規模") + (Kintoneデータ抽出!$K$2:$K$5000="認可")), ROW(A2)))<>"", IF(COUNTIF(INDEX(Kintoneデータ抽出!I:I, _xlfn.AGGREGATE(15, 6, ROW(Kintoneデータ抽出!$K$2:$K$5000) / ((Kintoneデータ抽出!$K$2:$K$5000="小規模") + (Kintoneデータ抽出!$K$2:$K$5000="認可")), ROW(A2))),"*あり*"),"学童",""),""), "")} | N13: {=IFERROR(IF(INDEX(Kintoneデータ抽出!H:H, _xlfn.AGGREGATE(15, 6, ROW(Kintoneデータ抽出!$K$2:$K$5000) / ((Kintoneデータ抽出!$K$2:$K$5000="小規模") + (Kintoneデータ抽出!$K$2:$K$5000="認可")), ROW(A2)))<>"", IF(COUNTIF(INDEX(Kintoneデータ抽出!H:H, _xlfn.AGGREGATE(15, 6, ROW(Kintoneデータ抽出!$K$2:$K$5000) / ((Kintoneデータ抽出!$K$2:$K$5000="小規模") + (Kintoneデータ抽出!$K$2:$K$5000="認可")), ROW(A2))),"*あり*"),"病児",""),""), "")} | O13: {=IFERROR( IF(INDEX(Kintoneデータ抽出!M:M, _xlfn.AGGREGATE(15, 6, ROW(Kintoneデータ抽出!$K$2:$K$5000) / ((Kintoneデータ抽出!$K$2:$K$5000="小規模") + (Kintoneデータ抽出!$K$2:$K$5000="認可")), ROW(A2)))<>0,INDEX(Kintoneデータ抽出!M:M, _xlfn.AGGREGATE(15, 6, ROW(Kintoneデータ抽出!$K$2:$K$5000) / ((Kintoneデータ抽出!$K$2:$K$5000="小規模") + (Kintoneデータ抽出!$K$2:$K$5000="認可")), ROW(A2))),""), "")} | P13: {=IFERROR(IF(INDEX(Kintoneデータ抽出!L:L, _xlfn.AGGREGATE(15, 6, ROW(Kintoneデータ抽出!$K$2:$K$5000) / ((Kintoneデータ抽出!$K$2:$K$5000="院内")), ROW(A2)))<>"", IF(COUNTIF(INDEX(Kintoneデータ抽出!L:L, _xlfn.AGGREGATE(15, 6, ROW(Kintoneデータ抽出!$K$2:$K$5000) / ((Kintoneデータ抽出!$K$2:$K$5000="院内")), ROW(A2))),"*企業主導型以外*"),"", IF(COUNTIF(INDEX(Kintoneデータ抽出!L:L, _xlfn.AGGREGATE(15, 6, ROW(Kintoneデータ抽出!$K$2:$K$5000) / ((Kintoneデータ抽出!$K$2:$K$5000="院内")), ROW(A2))),"*その他*"),"", IF(COUNTIF(INDEX(Kintoneデータ抽出!L:L, _xlfn.AGGREGATE(15, 6, ROW(Kintoneデータ抽出!$K$2:$K$5000) / ((Kintoneデータ抽出!$K$2:$K$5000="院内")), ROW(A2))),"*新制度*"),"新制度","企業主導型"))),""), "")}
D14: =IF(H14<>"",D13+1,"") | F14: {=IFERROR(INDEX(Kintoneデータ抽出!A:A, _xlfn.AGGREGATE(15, 6, ROW(Kintoneデータ抽出!$K$2:$K$5000) / ((Kintoneデータ抽出!$K$2:$K$5000="小規模") + (Kintoneデータ抽出!$K$2:$K$5000="認可")), ROW(A3))), "")} | G14: {=IFERROR(INDEX(Kintoneデータ抽出!D:D, _xlfn.AGGREGATE(15, 6, ROW(Kintoneデータ抽出!$K$2:$K$5000) / ((Kintoneデータ抽出!$K$2:$K$5000="小規模") + (Kintoneデータ抽出!$K$2:$K$5000="認可")), ROW(A3))), "")} | H14: {=IFERROR(INDEX(Kintoneデータ抽出!C:C, _xlfn.AGGREGATE(15, 6, ROW(Kintoneデータ抽出!$K$2:$K$5000) / ((Kintoneデータ抽出!$K$2:$K$5000="小規模") + (Kintoneデータ抽出!$K$2:$K$5000="認可")), ROW(A3))), "")} | I14: {=IFERROR(IF(INDEX(Kintoneデータ抽出!G:G, _xlfn.AGGREGATE(15, 6, ROW(Kintoneデータ抽出!$K$2:$K$5000) / ((Kintoneデータ抽出!$K$2:$K$5000="小規模") + (Kintoneデータ抽出!$K$2:$K$5000="認可")), ROW(A3)))<>"",INDEX(Kintoneデータ抽出!G:G, _xlfn.AGGREGATE(15, 6, ROW(Kintoneデータ抽出!$K$2:$K$5000) / ((Kintoneデータ抽出!$K$2:$K$5000="小規模") + (Kintoneデータ抽出!$K$2:$K$5000="認可")), ROW(A3)))&"名",""), "")} | J14: {=IFERROR(IF(INDEX(Kintoneデータ抽出!E:E, _xlfn.AGGREGATE(15, 6, ROW(Kintoneデータ抽出!$K$2:$K$5000) / ((Kintoneデータ抽出!$K$2:$K$5000="小規模") + (Kintoneデータ抽出!$K$2:$K$5000="認可")), ROW(A3)))<>"", YEAR(INDEX(Kintoneデータ抽出!E:E, _xlfn.AGGREGATE(15, 6, ROW(Kintoneデータ抽出!$K$2:$K$5000) / ((Kintoneデータ抽出!$K$2:$K$5000="小規模") + (Kintoneデータ抽出!$K$2:$K$5000="認可")), ROW(A3))))&"年" &MONTH(INDEX(Kintoneデータ抽出!E:E, _xlfn.AGGREGATE(15, 6, ROW(Kintoneデータ抽出!$K$2:$K$5000) / ((Kintoneデータ抽出!$K$2:$K$5000="小規模") + (Kintoneデータ抽出!$K$2:$K$5000="認可")), ROW(A3))))&"月" &DAY(INDEX(Kintoneデータ抽出!E:E, _xlfn.AGGREGATE(15, 6, ROW(Kintoneデータ抽出!$K$2:$K$5000) / ((Kintoneデータ抽出!$K$2:$K$5000="小規模") + (Kintoneデータ抽出!$K$2:$K$5000="認可")), ROW(A3))))&"日",""), "")} | K14: {=IFERROR(IF(INDEX(Kintoneデータ抽出!F:F, _xlfn.AGGREGATE(15, 6, ROW(Kintoneデータ抽出!$K$2:$K$5000) / ((Kintoneデータ抽出!$K$2:$K$5000="小規模") + (Kintoneデータ抽出!$K$2:$K$5000="認可")), ROW(A3)))<>"", VLOOKUP(INDEX(Kintoneデータ抽出!F:F, _xlfn.AGGREGATE(15, 6, ROW(Kintoneデータ抽出!$K$2:$K$5000) / ((Kintoneデータ抽出!$K$2:$K$5000="小規模") + (Kintoneデータ抽出!$K$2:$K$5000="認可")), ROW(A3))),基本開園日の表記!$A$2:$B$13,2,FALSE),""), "")} | L14: {=IFERROR(IF(INDEX(Kintoneデータ抽出!F:F, _xlfn.AGGREGATE(15, 6, ROW(Kintoneデータ抽出!$K$2:$K$5000) / ((Kintoneデータ抽出!$K$2:$K$5000="小規模") + (Kintoneデータ抽出!$K$2:$K$5000="認可")), ROW(A3)))<>"", IF(COUNTIF(INDEX(Kintoneデータ抽出!F:F, _xlfn.AGGREGATE(15, 6, ROW(Kintoneデータ抽出!$K$2:$K$5000) / ((Kintoneデータ抽出!$K$2:$K$5000="小規模") + (Kintoneデータ抽出!$K$2:$K$5000="認可")), ROW(A3))),"*あり*"),"夜間",""),""), "")} | M14: {=IFERROR(IF(INDEX(Kintoneデータ抽出!I:I, _xlfn.AGGREGATE(15, 6, ROW(Kintoneデータ抽出!$K$2:$K$5000) / ((Kintoneデータ抽出!$K$2:$K$5000="小規模") + (Kintoneデータ抽出!$K$2:$K$5000="認可")), ROW(A3)))<>"", IF(COUNTIF(INDEX(Kintoneデータ抽出!I:I, _xlfn.AGGREGATE(15, 6, ROW(Kintoneデータ抽出!$K$2:$K$5000) / ((Kintoneデータ抽出!$K$2:$K$5000="小規模") + (Kintoneデータ抽出!$K$2:$K$5000="認可")), ROW(A3))),"*あり*"),"学童",""),""), "")} | N14: {=IFERROR(IF(INDEX(Kintoneデータ抽出!H:H, _xlfn.AGGREGATE(15, 6, ROW(Kintoneデータ抽出!$K$2:$K$5000) / ((Kintoneデータ抽出!$K$2:$K$5000="小規模") + (Kintoneデータ抽出!$K$2:$K$5000="認可")), ROW(A3)))<>"", IF(COUNTIF(INDEX(Kintoneデータ抽出!H:H, _xlfn.AGGREGATE(15, 6, ROW(Kintoneデータ抽出!$K$2:$K$5000) / ((Kintoneデータ抽出!$K$2:$K$5000="小規模") + (Kintoneデータ抽出!$K$2:$K$5000="認可")), ROW(A3))),"*あり*"),"病児",""),""), "")} | O14: {=IFERROR( IF(INDEX(Kintoneデータ抽出!M:M, _xlfn.AGGREGATE(15, 6, ROW(Kintoneデータ抽出!$K$2:$K$5000) / ((Kintoneデータ抽出!$K$2:$K$5000="小規模") + (Kintoneデータ抽出!$K$2:$K$5000="認可")), ROW(A3)))<>0,INDEX(Kintoneデータ抽出!M:M, _xlfn.AGGREGATE(15, 6, ROW(Kintoneデータ抽出!$K$2:$K$5000) / ((Kintoneデータ抽出!$K$2:$K$5000="小規模") + (Kintoneデータ抽出!$K$2:$K$5000="認可")), ROW(A3))),""), "")} | P14: {=IFERROR(IF(INDEX(Kintoneデータ抽出!L:L, _xlfn.AGGREGATE(15, 6, ROW(Kintoneデータ抽出!$K$2:$K$5000) / ((Kintoneデータ抽出!$K$2:$K$5000="院内")), ROW(A3)))<>"", IF(COUNTIF(INDEX(Kintoneデータ抽出!L:L, _xlfn.AGGREGATE(15, 6, ROW(Kintoneデータ抽出!$K$2:$K$5000) / ((Kintoneデータ抽出!$K$2:$K$5000="院内")), ROW(A3))),"*企業主導型以外*"),"", IF(COUNTIF(INDEX(Kintoneデータ抽出!L:L, _xlfn.AGGREGATE(15, 6, ROW(Kintoneデータ抽出!$K$2:$K$5000) / ((Kintoneデータ抽出!$K$2:$K$5000="院内")), ROW(A3))),"*その他*"),"", IF(COUNTIF(INDEX(Kintoneデータ抽出!L:L, _xlfn.AGGREGATE(15, 6, ROW(Kintoneデータ抽出!$K$2:$K$5000) / ((Kintoneデータ抽出!$K$2:$K$5000="院内")), ROW(A3))),"*新制度*"),"新制度","企業主導型"))),""), "")}
D15: =IF(H15<>"",D14+1,"") | F15: {=IFERROR(INDEX(Kintoneデータ抽出!A:A, _xlfn.AGGREGATE(15, 6, ROW(Kintoneデータ抽出!$K$2:$K$5000) / ((Kintoneデータ抽出!$K$2:$K$5000="小規模") + (Kintoneデータ抽出!$K$2:$K$5000="認可")), ROW(A4))), "")} | G15: {=IFERROR(INDEX(Kintoneデータ抽出!D:D, _xlfn.AGGREGATE(15, 6, ROW(Kintoneデータ抽出!$K$2:$K$5000) / ((Kintoneデータ抽出!$K$2:$K$5000="小規模") + (Kintoneデータ抽出!$K$2:$K$5000="認可")), ROW(A4))), "")} | H15: {=IFERROR(INDEX(Kintoneデータ抽出!C:C, _xlfn.AGGREGATE(15, 6, ROW(Kintoneデータ抽出!$K$2:$K$5000) / ((Kintoneデータ抽出!$K$2:$K$5000="小規模") + (Kintoneデータ抽出!$K$2:$K$5000="認可")), ROW(A4))), "")} | I15: {=IFERROR(IF(INDEX(Kintoneデータ抽出!G:G, _xlfn.AGGREGATE(15, 6, ROW(Kintoneデータ抽出!$K$2:$K$5000) / ((Kintoneデータ抽出!$K$2:$K$5000="小規模") + (Kintoneデータ抽出!$K$2:$K$5000="認可")), ROW(A4)))<>"",INDEX(Kintoneデータ抽出!G:G, _xlfn.AGGREGATE(15, 6, ROW(Kintoneデータ抽出!$K$2:$K$5000) / ((Kintoneデータ抽出!$K$2:$K$5000="小規模") + (Kintoneデータ抽出!$K$2:$K$5000="認可")), ROW(A4)))&"名",""), "")} | J15: {=IFERROR(IF(INDEX(Kintoneデータ抽出!E:E, _xlfn.AGGREGATE(15, 6, ROW(Kintoneデータ抽出!$K$2:$K$5000) / ((Kintoneデータ抽出!$K$2:$K$5000="小規模") + (Kintoneデータ抽出!$K$2:$K$5000="認可")), ROW(A4)))<>"", YEAR(INDEX(Kintoneデータ抽出!E:E, _xlfn.AGGREGATE(15, 6, ROW(Kintoneデータ抽出!$K$2:$K$5000) / ((Kintoneデータ抽出!$K$2:$K$5000="小規模") + (Kintoneデータ抽出!$K$2:$K$5000="認可")), ROW(A4))))&"年" &MONTH(INDEX(Kintoneデータ抽出!E:E, _xlfn.AGGREGATE(15, 6, ROW(Kintoneデータ抽出!$K$2:$K$5000) / ((Kintoneデータ抽出!$K$2:$K$5000="小規模") + (Kintoneデータ抽出!$K$2:$K$5000="認可")), ROW(A4))))&"月" &DAY(INDEX(Kintoneデータ抽出!E:E, _xlfn.AGGREGATE(15, 6, ROW(Kintoneデータ抽出!$K$2:$K$5000) / ((Kintoneデータ抽出!$K$2:$K$5000="小規模") + (Kintoneデータ抽出!$K$2:$K$5000="認可")), ROW(A4))))&"日",""), "")} | K15: {=IFERROR(IF(INDEX(Kintoneデータ抽出!F:F, _xlfn.AGGREGATE(15, 6, ROW(Kintoneデータ抽出!$K$2:$K$5000) / ((Kintoneデータ抽出!$K$2:$K$5000="小規模") + (Kintoneデータ抽出!$K$2:$K$5000="認可")), ROW(A4)))<>"", VLOOKUP(INDEX(Kintoneデータ抽出!F:F, _xlfn.AGGREGATE(15, 6, ROW(Kintoneデータ抽出!$K$2:$K$5000) / ((Kintoneデータ抽出!$K$2:$K$5000="小規模") + (Kintoneデータ抽出!$K$2:$K$5000="認可")), ROW(A4))),基本開園日の表記!$A$2:$B$13,2,FALSE),""), "")} | L15: {=IFERROR(IF(INDEX(Kintoneデータ抽出!F:F, _xlfn.AGGREGATE(15, 6, ROW(Kintoneデータ抽出!$K$2:$K$5000) / ((Kintoneデータ抽出!$K$2:$K$5000="小規模") + (Kintoneデータ抽出!$K$2:$K$5000="認可")), ROW(A4)))<>"", IF(COUNTIF(INDEX(Kintoneデータ抽出!F:F, _xlfn.AGGREGATE(15, 6, ROW(Kintoneデータ抽出!$K$2:$K$5000) / ((Kintoneデータ抽出!$K$2:$K$5000="小規模") + (Kintoneデータ抽出!$K$2:$K$5000="認可")), ROW(A4))),"*あり*"),"夜間",""),""), "")} | M15: {=IFERROR(IF(INDEX(Kintoneデータ抽出!I:I, _xlfn.AGGREGATE(15, 6, ROW(Kintoneデータ抽出!$K$2:$K$5000) / ((Kintoneデータ抽出!$K$2:$K$5000="小規模") + (Kintoneデータ抽出!$K$2:$K$5000="認可")), ROW(A4)))<>"", IF(COUNTIF(INDEX(Kintoneデータ抽出!I:I, _xlfn.AGGREGATE(15, 6, ROW(Kintoneデータ抽出!$K$2:$K$5000) / ((Kintoneデータ抽出!$K$2:$K$5000="小規模") + (Kintoneデータ抽出!$K$2:$K$5000="認可")), ROW(A4))),"*あり*"),"学童",""),""), "")} | N15: {=IFERROR(IF(INDEX(Kintoneデータ抽出!H:H, _xlfn.AGGREGATE(15, 6, ROW(Kintoneデータ抽出!$K$2:$K$5000) / ((Kintoneデータ抽出!$K$2:$K$5000="小規模") + (Kintoneデータ抽出!$K$2:$K$5000="認可")), ROW(A4)))<>"", IF(COUNTIF(INDEX(Kintoneデータ抽出!H:H, _xlfn.AGGREGATE(15, 6, ROW(Kintoneデータ抽出!$K$2:$K$5000) / ((Kintoneデータ抽出!$K$2:$K$5000="小規模") + (Kintoneデータ抽出!$K$2:$K$5000="認可")), ROW(A4))),"*あり*"),"病児",""),""), "")} | O15: {=IFERROR( IF(INDEX(Kintoneデータ抽出!M:M, _xlfn.AGGREGATE(15, 6, ROW(Kintoneデータ抽出!$K$2:$K$5000) / ((Kintoneデータ抽出!$K$2:$K$5000="小規模") + (Kintoneデータ抽出!$K$2:$K$5000="認可")), ROW(A4)))<>0,INDEX(Kintoneデータ抽出!M:M, _xlfn.AGGREGATE(15, 6, ROW(Kintoneデータ抽出!$K$2:$K$5000) / ((Kintoneデータ抽出!$K$2:$K$5000="小規模") + (Kintoneデータ抽出!$K$2:$K$5000="認可")), ROW(A4))),""), "")} | P15: {=IFERROR(IF(INDEX(Kintoneデータ抽出!L:L, _xlfn.AGGREGATE(15, 6, ROW(Kintoneデータ抽出!$K$2:$K$5000) / ((Kintoneデータ抽出!$K$2:$K$5000="院内")), ROW(A4)))<>"", IF(COUNTIF(INDEX(Kintoneデータ抽出!L:L, _xlfn.AGGREGATE(15, 6, ROW(Kintoneデータ抽出!$K$2:$K$5000) / ((Kintoneデータ抽出!$K$2:$K$5000="院内")), ROW(A4))),"*企業主導型以外*"),"", IF(COUNTIF(INDEX(Kintoneデータ抽出!L:L, _xlfn.AGGREGATE(15, 6, ROW(Kintoneデータ抽出!$K$2:$K$5000) / ((Kintoneデータ抽出!$K$2:$K$5000="院内")), ROW(A4))),"*その他*"),"", IF(COUNTIF(INDEX(Kintoneデータ抽出!L:L, _xlfn.AGGREGATE(15, 6, ROW(Kintoneデータ抽出!$K$2:$K$5000) / ((Kintoneデータ抽出!$K$2:$K$5000="院内")), ROW(A4))),"*新制度*"),"新制度","企業主導型"))),""), "")}
D16: =IF(H16<>"",D15+1,"") | F16: {=IFERROR(INDEX(Kintoneデータ抽出!A:A, _xlfn.AGGREGATE(15, 6, ROW(Kintoneデータ抽出!$K$2:$K$5000) / ((Kintoneデータ抽出!$K$2:$K$5000="小規模") + (Kintoneデータ抽出!$K$2:$K$5000="認可")), ROW(A5))), "")} | G16: {=IFERROR(INDEX(Kintoneデータ抽出!D:D, _xlfn.AGGREGATE(15, 6, ROW(Kintoneデータ抽出!$K$2:$K$5000) / ((Kintoneデータ抽出!$K$2:$K$5000="小規模") + (Kintoneデータ抽出!$K$2:$K$5000="認可")), ROW(A5))), "")} | H16: {=IFERROR(INDEX(Kintoneデータ抽出!C:C, _xlfn.AGGREGATE(15, 6, ROW(Kintoneデータ抽出!$K$2:$K$5000) / ((Kintoneデータ抽出!$K$2:$K$5000="小規模") + (Kintoneデータ抽出!$K$2:$K$5000="認可")), ROW(A5))), "")} | I16: {=IFERROR(IF(INDEX(Kintoneデータ抽出!G:G, _xlfn.AGGREGATE(15, 6, ROW(Kintoneデータ抽出!$K$2:$K$5000) / ((Kintoneデータ抽出!$K$2:$K$5000="小規模") + (Kintoneデータ抽出!$K$2:$K$5000="認可")), ROW(A5)))<>"",INDEX(Kintoneデータ抽出!G:G, _xlfn.AGGREGATE(15, 6, ROW(Kintoneデータ抽出!$K$2:$K$5000) / ((Kintoneデータ抽出!$K$2:$K$5000="小規模") + (Kintoneデータ抽出!$K$2:$K$5000="認可")), ROW(A5)))&"名",""), "")} | J16: {=IFERROR(IF(INDEX(Kintoneデータ抽出!E:E, _xlfn.AGGREGATE(15, 6, ROW(Kintoneデータ抽出!$K$2:$K$5000) / ((Kintoneデータ抽出!$K$2:$K$5000="小規模") + (Kintoneデータ抽出!$K$2:$K$5000="認可")), ROW(A5)))<>"", YEAR(INDEX(Kintoneデータ抽出!E:E, _xlfn.AGGREGATE(15, 6, ROW(Kintoneデータ抽出!$K$2:$K$5000) / ((Kintoneデータ抽出!$K$2:$K$5000="小規模") + (Kintoneデータ抽出!$K$2:$K$5000="認可")), ROW(A5))))&"年" &MONTH(INDEX(Kintoneデータ抽出!E:E, _xlfn.AGGREGATE(15, 6, ROW(Kintoneデータ抽出!$K$2:$K$5000) / ((Kintoneデータ抽出!$K$2:$K$5000="小規模") + (Kintoneデータ抽出!$K$2:$K$5000="認可")), ROW(A5))))&"月" &DAY(INDEX(Kintoneデータ抽出!E:E, _xlfn.AGGREGATE(15, 6, ROW(Kintoneデータ抽出!$K$2:$K$5000) / ((Kintoneデータ抽出!$K$2:$K$5000="小規模") + (Kintoneデータ抽出!$K$2:$K$5000="認可")), ROW(A5))))&"日",""), "")} | K16: {=IFERROR(IF(INDEX(Kintoneデータ抽出!F:F, _xlfn.AGGREGATE(15, 6, ROW(Kintoneデータ抽出!$K$2:$K$5000) / ((Kintoneデータ抽出!$K$2:$K$5000="小規模") + (Kintoneデータ抽出!$K$2:$K$5000="認可")), ROW(A5)))<>"", VLOOKUP(INDEX(Kintoneデータ抽出!F:F, _xlfn.AGGREGATE(15, 6, ROW(Kintoneデータ抽出!$K$2:$K$5000) / ((Kintoneデータ抽出!$K$2:$K$5000="小規模") + (Kintoneデータ抽出!$K$2:$K$5000="認可")), ROW(A5))),基本開園日の表記!$A$2:$B$13,2,FALSE),""), "")} | L16: {=IFERROR(IF(INDEX(Kintoneデータ抽出!F:F, _xlfn.AGGREGATE(15, 6, ROW(Kintoneデータ抽出!$K$2:$K$5000) / ((Kintoneデータ抽出!$K$2:$K$5000="小規模") + (Kintoneデータ抽出!$K$2:$K$5000="認可")), ROW(A5)))<>"", IF(COUNTIF(INDEX(Kintoneデータ抽出!F:F, _xlfn.AGGREGATE(15, 6, ROW(Kintoneデータ抽出!$K$2:$K$5000) / ((Kintoneデータ抽出!$K$2:$K$5000="小規模") + (Kintoneデータ抽出!$K$2:$K$5000="認可")), ROW(A5))),"*あり*"),"夜間",""),""), "")} | M16: {=IFERROR(IF(INDEX(Kintoneデータ抽出!I:I, _xlfn.AGGREGATE(15, 6, ROW(Kintoneデータ抽出!$K$2:$K$5000) / ((Kintoneデータ抽出!$K$2:$K$5000="小規模") + (Kintoneデータ抽出!$K$2:$K$5000="認可")), ROW(A5)))<>"", IF(COUNTIF(INDEX(Kintoneデータ抽出!I:I, _xlfn.AGGREGATE(15, 6, ROW(Kintoneデータ抽出!$K$2:$K$5000) / ((Kintoneデータ抽出!$K$2:$K$5000="小規模") + (Kintoneデータ抽出!$K$2:$K$5000="認可")), ROW(A5))),"*あり*"),"学童",""),""), "")} | N16: {=IFERROR(IF(INDEX(Kintoneデータ抽出!H:H, _xlfn.AGGREGATE(15, 6, ROW(Kintoneデータ抽出!$K$2:$K$5000) / ((Kintoneデータ抽出!$K$2:$K$5000="小規模") + (Kintoneデータ抽出!$K$2:$K$5000="認可")), ROW(A5)))<>"", IF(COUNTIF(INDEX(Kintoneデータ抽出!H:H, _xlfn.AGGREGATE(15, 6, ROW(Kintoneデータ抽出!$K$2:$K$5000) / ((Kintoneデータ抽出!$K$2:$K$5000="小規模") + (Kintoneデータ抽出!$K$2:$K$5000="認可")), ROW(A5))),"*あり*"),"病児",""),""), "")} | O16: {=IFERROR( IF(INDEX(Kintoneデータ抽出!M:M, _xlfn.AGGREGATE(15, 6, ROW(Kintoneデータ抽出!$K$2:$K$5000) / ((Kintoneデータ抽出!$K$2:$K$5000="小規模") + (Kintoneデータ抽出!$K$2:$K$5000="認可")), ROW(A5)))<>0,INDEX(Kintoneデータ抽出!M:M, _xlfn.AGGREGATE(15, 6, ROW(Kintoneデータ抽出!$K$2:$K$5000) / ((Kintoneデータ抽出!$K$2:$K$5000="小規模") + (Kintoneデータ抽出!$K$2:$K$5000="認可")), ROW(A5))),""), "")} | P16: {=IFERROR(IF(INDEX(Kintoneデータ抽出!L:L, _xlfn.AGGREGATE(15, 6, ROW(Kintoneデータ抽出!$K$2:$K$5000) / ((Kintoneデータ抽出!$K$2:$K$5000="院内")), ROW(A5)))<>"", IF(COUNTIF(INDEX(Kintoneデータ抽出!L:L, _xlfn.AGGREGATE(15, 6, ROW(Kintoneデータ抽出!$K$2:$K$5000) / ((Kintoneデータ抽出!$K$2:$K$5000="院内")), ROW(A5))),"*企業主導型以外*"),"", IF(COUNTIF(INDEX(Kintoneデータ抽出!L:L, _xlfn.AGGREGATE(15, 6, ROW(Kintoneデータ抽出!$K$2:$K$5000) / ((Kintoneデータ抽出!$K$2:$K$5000="院内")), ROW(A5))),"*その他*"),"", IF(COUNTIF(INDEX(Kintoneデータ抽出!L:L, _xlfn.AGGREGATE(15, 6, ROW(Kintoneデータ抽出!$K$2:$K$5000) / ((Kintoneデータ抽出!$K$2:$K$5000="院内")), ROW(A5))),"*新制度*"),"新制度","企業主導型"))),""), "")}
B17: 関 東 | D17: =IF(H17<>"",D16+1,"") | F17: {=IFERROR(INDEX(Kintoneデータ抽出!A:A, _xlfn.AGGREGATE(15, 6, ROW(Kintoneデータ抽出!$K$2:$K$5000) / ((Kintoneデータ抽出!$K$2:$K$5000="小規模") + (Kintoneデータ抽出!$K$2:$K$5000="認可")), ROW(A6))), "")} | G17: {=IFERROR(INDEX(Kintoneデータ抽出!D:D, _xlfn.AGGREGATE(15, 6, ROW(Kintoneデータ抽出!$K$2:$K$5000) / ((Kintoneデータ抽出!$K$2:$K$5000="小規模") + (Kintoneデータ抽出!$K$2:$K$5000="認可")), ROW(A6))), "")} | H17: {=IFERROR(INDEX(Kintoneデータ抽出!C:C, _xlfn.AGGREGATE(15, 6, ROW(Kintoneデータ抽出!$K$2:$K$5000) / ((Kintoneデータ抽出!$K$2:$K$5000="小規模") + (Kintoneデータ抽出!$K$2:$K$5000="認可")), ROW(A6))), "")} | I17: {=IFERROR(IF(INDEX(Kintoneデータ抽出!G:G, _xlfn.AGGREGATE(15, 6, ROW(Kintoneデータ抽出!$K$2:$K$5000) / ((Kintoneデータ抽出!$K$2:$K$5000="小規模") + (Kintoneデータ抽出!$K$2:$K$5000="認可")), ROW(A6)))<>"",INDEX(Kintoneデータ抽出!G:G, _xlfn.AGGREGATE(15, 6, ROW(Kintoneデータ抽出!$K$2:$K$5000) / ((Kintoneデータ抽出!$K$2:$K$5000="小規模") + (Kintoneデータ抽出!$K$2:$K$5000="認可")), ROW(A6)))&"名",""), "")} | J17: {=IFERROR(IF(INDEX(Kintoneデータ抽出!E:E, _xlfn.AGGREGATE(15, 6, ROW(Kintoneデータ抽出!$K$2:$K$5000) / ((Kintoneデータ抽出!$K$2:$K$5000="小規模") + (Kintoneデータ抽出!$K$2:$K$5000="認可")), ROW(A6)))<>"", YEAR(INDEX(Kintoneデータ抽出!E:E, _xlfn.AGGREGATE(15, 6, ROW(Kintoneデータ抽出!$K$2:$K$5000) / ((Kintoneデータ抽出!$K$2:$K$5000="小規模") + (Kintoneデータ抽出!$K$2:$K$5000="認可")), ROW(A6))))&"年" &MONTH(INDEX(Kintoneデータ抽出!E:E, _xlfn.AGGREGATE(15, 6, ROW(Kintoneデータ抽出!$K$2:$K$5000) / ((Kintoneデータ抽出!$K$2:$K$5000="小規模") + (Kintoneデータ抽出!$K$2:$K$5000="認可")), ROW(A6))))&"月" &DAY(INDEX(Kintoneデータ抽出!E:E, _xlfn.AGGREGATE(15, 6, ROW(Kintoneデータ抽出!$K$2:$K$5000) / ((Kintoneデータ抽出!$K$2:$K$5000="小規模") + (Kintoneデータ抽出!$K$2:$K$5000="認可")), ROW(A6))))&"日",""), "")} | K17: {=IFERROR(IF(INDEX(Kintoneデータ抽出!F:F, _xlfn.AGGREGATE(15, 6, ROW(Kintoneデータ抽出!$K$2:$K$5000) / ((Kintoneデータ抽出!$K$2:$K$5000="小規模") + (Kintoneデータ抽出!$K$2:$K$5000="認可")), ROW(A6)))<>"", VLOOKUP(INDEX(Kintoneデータ抽出!F:F, _xlfn.AGGREGATE(15, 6, ROW(Kintoneデータ抽出!$K$2:$K$5000) / ((Kintoneデータ抽出!$K$2:$K$5000="小規模") + (Kintoneデータ抽出!$K$2:$K$5000="認可")), ROW(A6))),基本開園日の表記!$A$2:$B$13,2,FALSE),""), "")} | L17: {=IFERROR(IF(INDEX(Kintoneデータ抽出!F:F, _xlfn.AGGREGATE(15, 6, ROW(Kintoneデータ抽出!$K$2:$K$5000) / ((Kintoneデータ抽出!$K$2:$K$5000="小規模") + (Kintoneデータ抽出!$K$2:$K$5000="認可")), ROW(A6)))<>"", IF(COUNTIF(INDEX(Kintoneデータ抽出!F:F, _xlfn.AGGREGATE(15, 6, ROW(Kintoneデータ抽出!$K$2:$K$5000) / ((Kintoneデータ抽出!$K$2:$K$5000="小規模") + (Kintoneデータ抽出!$K$2:$K$5000="認可")), ROW(A6))),"*あり*"),"夜間",""),""), "")} | M17: {=IFERROR(IF(INDEX(Kintoneデータ抽出!I:I, _xlfn.AGGREGATE(15, 6, ROW(Kintoneデータ抽出!$K$2:$K$5000) / ((Kintoneデータ抽出!$K$2:$K$5000="小規模") + (Kintoneデータ抽出!$K$2:$K$5000="認可")), ROW(A6)))<>"", IF(COUNTIF(INDEX(Kintoneデータ抽出!I:I, _xlfn.AGGREGATE(15, 6, ROW(Kintoneデータ抽出!$K$2:$K$5000) / ((Kintoneデータ抽出!$K$2:$K$5000="小規模") + (Kintoneデータ抽出!$K$2:$K$5000="認可")), ROW(A6))),"*あり*"),"学童",""),""), "")} | N17: {=IFERROR(IF(INDEX(Kintoneデータ抽出!H:H, _xlfn.AGGREGATE(15, 6, ROW(Kintoneデータ抽出!$K$2:$K$5000) / ((Kintoneデータ抽出!$K$2:$K$5000="小規模") + (Kintoneデータ抽出!$K$2:$K$5000="認可")), ROW(A6)))<>"", IF(COUNTIF(INDEX(Kintoneデータ抽出!H:H, _xlfn.AGGREGATE(15, 6, ROW(Kintoneデータ抽出!$K$2:$K$5000) / ((Kintoneデータ抽出!$K$2:$K$5000="小規模") + (Kintoneデータ抽出!$K$2:$K$5000="認可")), ROW(A6))),"*あり*"),"病児",""),""), "")} | O17: {=IFERROR( IF(INDEX(Kintoneデータ抽出!M:M, _xlfn.AGGREGATE(15, 6, ROW(Kintoneデータ抽出!$K$2:$K$5000) / ((Kintoneデータ抽出!$K$2:$K$5000="小規模") + (Kintoneデータ抽出!$K$2:$K$5000="認可")), ROW(A6)))<>0,INDEX(Kintoneデータ抽出!M:M, _xlfn.AGGREGATE(15, 6, ROW(Kintoneデータ抽出!$K$2:$K$5000) / ((Kintoneデータ抽出!$K$2:$K$5000="小規模") + (Kintoneデータ抽出!$K$2:$K$5000="認可")), ROW(A6))),""), "")} | P17: {=IFERROR(IF(INDEX(Kintoneデータ抽出!L:L, _xlfn.AGGREGATE(15, 6, ROW(Kintoneデータ抽出!$K$2:$K$5000) / ((Kintoneデータ抽出!$K$2:$K$5000="院内")), ROW(A6)))<>"", IF(COUNTIF(INDEX(Kintoneデータ抽出!L:L, _xlfn.AGGREGATE(15, 6, ROW(Kintoneデータ抽出!$K$2:$K$5000) / ((Kintoneデータ抽出!$K$2:$K$5000="院内")), ROW(A6))),"*企業主導型以外*"),"", IF(COUNTIF(INDEX(Kintoneデータ抽出!L:L, _xlfn.AGGREGATE(15, 6, ROW(Kintoneデータ抽出!$K$2:$K$5000) / ((Kintoneデータ抽出!$K$2:$K$5000="院内")), ROW(A6))),"*その他*"),"", IF(COUNTIF(INDEX(Kintoneデータ抽出!L:L, _xlfn.AGGREGATE(15, 6, ROW(Kintoneデータ抽出!$K$2:$K$5000) / ((Kintoneデータ抽出!$K$2:$K$5000="院内")), ROW(A6))),"*新制度*"),"新制度","企業主導型"))),""), "")}
B18: 沖 縄 | D18: =IF(H18<>"",D17+1,"") | F18: {=IFERROR(INDEX(Kintoneデータ抽出!A:A, _xlfn.AGGREGATE(15, 6, ROW(Kintoneデータ抽出!$K$2:$K$5000) / ((Kintoneデータ抽出!$K$2:$K$5000="小規模") + (Kintoneデータ抽出!$K$2:$K$5000="認可")), ROW(A7))), "")} | G18: {=IFERROR(INDEX(Kintoneデータ抽出!D:D, _xlfn.AGGREGATE(15, 6, ROW(Kintoneデータ抽出!$K$2:$K$5000) / ((Kintoneデータ抽出!$K$2:$K$5000="小規模") + (Kintoneデータ抽出!$K$2:$K$5000="認可")), ROW(A7))), "")} | H18: {=IFERROR(INDEX(Kintoneデータ抽出!C:C, _xlfn.AGGREGATE(15, 6, ROW(Kintoneデータ抽出!$K$2:$K$5000) / ((Kintoneデータ抽出!$K$2:$K$5000="小規模") + (Kintoneデータ抽出!$K$2:$K$5000="認可")), ROW(A7))), "")} | I18: {=IFERROR(IF(INDEX(Kintoneデータ抽出!G:G, _xlfn.AGGREGATE(15, 6, ROW(Kintoneデータ抽出!$K$2:$K$5000) / ((Kintoneデータ抽出!$K$2:$K$5000="小規模") + (Kintoneデータ抽出!$K$2:$K$5000="認可")), ROW(A7)))<>"",INDEX(Kintoneデータ抽出!G:G, _xlfn.AGGREGATE(15, 6, ROW(Kintoneデータ抽出!$K$2:$K$5000) / ((Kintoneデータ抽出!$K$2:$K$5000="小規模") + (Kintoneデータ抽出!$K$2:$K$5000="認可")), ROW(A7)))&"名",""), "")} | J18: {=IFERROR(IF(INDEX(Kintoneデータ抽出!E:E, _xlfn.AGGREGATE(15, 6, ROW(Kintoneデータ抽出!$K$2:$K$5000) / ((Kintoneデータ抽出!$K$2:$K$5000="小規模") + (Kintoneデータ抽出!$K$2:$K$5000="認可")), ROW(A7)))<>"", YEAR(INDEX(Kintoneデータ抽出!E:E, _xlfn.AGGREGATE(15, 6, ROW(Kintoneデータ抽出!$K$2:$K$5000) / ((Kintoneデータ抽出!$K$2:$K$5000="小規模") + (Kintoneデータ抽出!$K$2:$K$5000="認可")), ROW(A7))))&"年" &MONTH(INDEX(Kintoneデータ抽出!E:E, _xlfn.AGGREGATE(15, 6, ROW(Kintoneデータ抽出!$K$2:$K$5000) / ((Kintoneデータ抽出!$K$2:$K$5000="小規模") + (Kintoneデータ抽出!$K$2:$K$5000="認可")), ROW(A7))))&"月" &DAY(INDEX(Kintoneデータ抽出!E:E, _xlfn.AGGREGATE(15, 6, ROW(Kintoneデータ抽出!$K$2:$K$5000) / ((Kintoneデータ抽出!$K$2:$K$5000="小規模") + (Kintoneデータ抽出!$K$2:$K$5000="認可")), ROW(A7))))&"日",""), "")} | K18: {=IFERROR(IF(INDEX(Kintoneデータ抽出!F:F, _xlfn.AGGREGATE(15, 6, ROW(Kintoneデータ抽出!$K$2:$K$5000) / ((Kintoneデータ抽出!$K$2:$K$5000="小規模") + (Kintoneデータ抽出!$K$2:$K$5000="認可")), ROW(A7)))<>"", VLOOKUP(INDEX(Kintoneデータ抽出!F:F, _xlfn.AGGREGATE(15, 6, ROW(Kintoneデータ抽出!$K$2:$K$5000) / ((Kintoneデータ抽出!$K$2:$K$5000="小規模") + (Kintoneデータ抽出!$K$2:$K$5000="認可")), ROW(A7))),基本開園日の表記!$A$2:$B$13,2,FALSE),""), "")} | L18: {=IFERROR(IF(INDEX(Kintoneデータ抽出!F:F, _xlfn.AGGREGATE(15, 6, ROW(Kintoneデータ抽出!$K$2:$K$5000) / ((Kintoneデータ抽出!$K$2:$K$5000="小規模") + (Kintoneデータ抽出!$K$2:$K$5000="認可")), ROW(A7)))<>"", IF(COUNTIF(INDEX(Kintoneデータ抽出!F:F, _xlfn.AGGREGATE(15, 6, ROW(Kintoneデータ抽出!$K$2:$K$5000) / ((Kintoneデータ抽出!$K$2:$K$5000="小規模") + (Kintoneデータ抽出!$K$2:$K$5000="認可")), ROW(A7))),"*あり*"),"夜間",""),""), "")} | M18: {=IFERROR(IF(INDEX(Kintoneデータ抽出!I:I, _xlfn.AGGREGATE(15, 6, ROW(Kintoneデータ抽出!$K$2:$K$5000) / ((Kintoneデータ抽出!$K$2:$K$5000="小規模") + (Kintoneデータ抽出!$K$2:$K$5000="認可")), ROW(A7)))<>"", IF(COUNTIF(INDEX(Kintoneデータ抽出!I:I, _xlfn.AGGREGATE(15, 6, ROW(Kintoneデータ抽出!$K$2:$K$5000) / ((Kintoneデータ抽出!$K$2:$K$5000="小規模") + (Kintoneデータ抽出!$K$2:$K$5000="認可")), ROW(A7))),"*あり*"),"学童",""),""), "")} | N18: {=IFERROR(IF(INDEX(Kintoneデータ抽出!H:H, _xlfn.AGGREGATE(15, 6, ROW(Kintoneデータ抽出!$K$2:$K$5000) / ((Kintoneデータ抽出!$K$2:$K$5000="小規模") + (Kintoneデータ抽出!$K$2:$K$5000="認可")), ROW(A7)))<>"", IF(COUNTIF(INDEX(Kintoneデータ抽出!H:H, _xlfn.AGGREGATE(15, 6, ROW(Kintoneデータ抽出!$K$2:$K$5000) / ((Kintoneデータ抽出!$K$2:$K$5000="小規模") + (Kintoneデータ抽出!$K$2:$K$5000="認可")), ROW(A7))),"*あり*"),"病児",""),""), "")} | O18: {=IFERROR( IF(INDEX(Kintoneデータ抽出!M:M, _xlfn.AGGREGATE(15, 6, ROW(Kintoneデータ抽出!$K$2:$K$5000) / ((Kintoneデータ抽出!$K$2:$K$5000="小規模") + (Kintoneデータ抽出!$K$2:$K$5000="認可")), ROW(A7)))<>0,INDEX(Kintoneデータ抽出!M:M, _xlfn.AGGREGATE(15, 6, ROW(Kintoneデータ抽出!$K$2:$K$5000) / ((Kintoneデータ抽出!$K$2:$K$5000="小規模") + (Kintoneデータ抽出!$K$2:$K$5000="認可")), ROW(A7))),""), "")} | P18: {=IFERROR(IF(INDEX(Kintoneデータ抽出!L:L, _xlfn.AGGREGATE(15, 6, ROW(Kintoneデータ抽出!$K$2:$K$5000) / ((Kintoneデータ抽出!$K$2:$K$5000="院内")), ROW(A7)))<>"", IF(COUNTIF(INDEX(Kintoneデータ抽出!L:L, _xlfn.AGGREGATE(15, 6, ROW(Kintoneデータ抽出!$K$2:$K$5000) / ((Kintoneデータ抽出!$K$2:$K$5000="院内")), ROW(A7))),"*企業主導型以外*"),"", IF(COUNTIF(INDEX(Kintoneデータ抽出!L:L, _xlfn.AGGREGATE(15, 6, ROW(Kintoneデータ抽出!$K$2:$K$5000) / ((Kintoneデータ抽出!$K$2:$K$5000="院内")), ROW(A7))),"*その他*"),"", IF(COUNTIF(INDEX(Kintoneデータ抽出!L:L, _xlfn.AGGREGATE(15, 6, ROW(Kintoneデータ抽出!$K$2:$K$5000) / ((Kintoneデータ抽出!$K$2:$K$5000="院内")), ROW(A7))),"*新制度*"),"新制度","企業主導型"))),""), "")}
B19: 関 東 | D19: =IF(H19<>"",D18+1,"") | F19: {=IFERROR(INDEX(Kintoneデータ抽出!A:A, _xlfn.AGGREGATE(15, 6, ROW(Kintoneデータ抽出!$K$2:$K$5000) / ((Kintoneデータ抽出!$K$2:$K$5000="小規模") + (Kintoneデータ抽出!$K$2:$K$5000="認可")), ROW(A8))), "")} | G19: {=IFERROR(INDEX(Kintoneデータ抽出!D:D, _xlfn.AGGREGATE(15, 6, ROW(Kintoneデータ抽出!$K$2:$K$5000) / ((Kintoneデータ抽出!$K$2:$K$5000="小規模") + (Kintoneデータ抽出!$K$2:$K$5000="認可")), ROW(A8))), "")} | H19: {=IFERROR(INDEX(Kintoneデータ抽出!C:C, _xlfn.AGGREGATE(15, 6, ROW(Kintoneデータ抽出!$K$2:$K$5000) / ((Kintoneデータ抽出!$K$2:$K$5000="小規模") + (Kintoneデータ抽出!$K$2:$K$5000="認可")), ROW(A8))), "")} | I19: {=IFERROR(IF(INDEX(Kintoneデータ抽出!G:G, _xlfn.AGGREGATE(15, 6, ROW(Kintoneデータ抽出!$K$2:$K$5000) / ((Kintoneデータ抽出!$K$2:$K$5000="小規模") + (Kintoneデータ抽出!$K$2:$K$5000="認可")), ROW(A8)))<>"",INDEX(Kintoneデータ抽出!G:G, _xlfn.AGGREGATE(15, 6, ROW(Kintoneデータ抽出!$K$2:$K$5000) / ((Kintoneデータ抽出!$K$2:$K$5000="小規模") + (Kintoneデータ抽出!$K$2:$K$5000="認可")), ROW(A8)))&"名",""), "")} | J19: {=IFERROR(IF(INDEX(Kintoneデータ抽出!E:E, _xlfn.AGGREGATE(15, 6, ROW(Kintoneデータ抽出!$K$2:$K$5000) / ((Kintoneデータ抽出!$K$2:$K$5000="小規模") + (Kintoneデータ抽出!$K$2:$K$5000="認可")), ROW(A8)))<>"", YEAR(INDEX(Kintoneデータ抽出!E:E, _xlfn.AGGREGATE(15, 6, ROW(Kintoneデータ抽出!$K$2:$K$5000) / ((Kintoneデータ抽出!$K$2:$K$5000="小規模") + (Kintoneデータ抽出!$K$2:$K$5000="認可")), ROW(A8))))&"年" &MONTH(INDEX(Kintoneデータ抽出!E:E, _xlfn.AGGREGATE(15, 6, ROW(Kintoneデータ抽出!$K$2:$K$5000) / ((Kintoneデータ抽出!$K$2:$K$5000="小規模") + (Kintoneデータ抽出!$K$2:$K$5000="認可")), ROW(A8))))&"月" &DAY(INDEX(Kintoneデータ抽出!E:E, _xlfn.AGGREGATE(15, 6, ROW(Kintoneデータ抽出!$K$2:$K$5000) / ((Kintoneデータ抽出!$K$2:$K$5000="小規模") + (Kintoneデータ抽出!$K$2:$K$5000="認可")), ROW(A8))))&"日",""), "")} | K19: {=IFERROR(IF(INDEX(Kintoneデータ抽出!F:F, _xlfn.AGGREGATE(15, 6, ROW(Kintoneデータ抽出!$K$2:$K$5000) / ((Kintoneデータ抽出!$K$2:$K$5000="小規模") + (Kintoneデータ抽出!$K$2:$K$5000="認可")), ROW(A8)))<>"", VLOOKUP(INDEX(Kintoneデータ抽出!F:F, _xlfn.AGGREGATE(15, 6, ROW(Kintoneデータ抽出!$K$2:$K$5000) / ((Kintoneデータ抽出!$K$2:$K$5000="小規模") + (Kintoneデータ抽出!$K$2:$K$5000="認可")), ROW(A8))),基本開園日の表記!$A$2:$B$13,2,FALSE),""), "")} | L19: {=IFERROR(IF(INDEX(Kintoneデータ抽出!F:F, _xlfn.AGGREGATE(15, 6, ROW(Kintoneデータ抽出!$K$2:$K$5000) / ((Kintoneデータ抽出!$K$2:$K$5000="小規模") + (Kintoneデータ抽出!$K$2:$K$5000="認可")), ROW(A8)))<>"", IF(COUNTIF(INDEX(Kintoneデータ抽出!F:F, _xlfn.AGGREGATE(15, 6, ROW(Kintoneデータ抽出!$K$2:$K$5000) / ((Kintoneデータ抽出!$K$2:$K$5000="小規模") + (Kintoneデータ抽出!$K$2:$K$5000="認可")), ROW(A8))),"*あり*"),"夜間",""),""), "")} | M19: {=IFERROR(IF(INDEX(Kintoneデータ抽出!I:I, _xlfn.AGGREGATE(15, 6, ROW(Kintoneデータ抽出!$K$2:$K$5000) / ((Kintoneデータ抽出!$K$2:$K$5000="小規模") + (Kintoneデータ抽出!$K$2:$K$5000="認可")), ROW(A8)))<>"", IF(COUNTIF(INDEX(Kintoneデータ抽出!I:I, _xlfn.AGGREGATE(15, 6, ROW(Kintoneデータ抽出!$K$2:$K$5000) / ((Kintoneデータ抽出!$K$2:$K$5000="小規模") + (Kintoneデータ抽出!$K$2:$K$5000="認可")), ROW(A8))),"*あり*"),"学童",""),""), "")} | N19: {=IFERROR(IF(INDEX(Kintoneデータ抽出!H:H, _xlfn.AGGREGATE(15, 6, ROW(Kintoneデータ抽出!$K$2:$K$5000) / ((Kintoneデータ抽出!$K$2:$K$5000="小規模") + (Kintoneデータ抽出!$K$2:$K$5000="認可")), ROW(A8)))<>"", IF(COUNTIF(INDEX(Kintoneデータ抽出!H:H, _xlfn.AGGREGATE(15, 6, ROW(Kintoneデータ抽出!$K$2:$K$5000) / ((Kintoneデータ抽出!$K$2:$K$5000="小規模") + (Kintoneデータ抽出!$K$2:$K$5000="認可")), ROW(A8))),"*あり*"),"病児",""),""), "")} | O19: {=IFERROR( IF(INDEX(Kintoneデータ抽出!M:M, _xlfn.AGGREGATE(15, 6, ROW(Kintoneデータ抽出!$K$2:$K$5000) / ((Kintoneデータ抽出!$K$2:$K$5000="小規模") + (Kintoneデータ抽出!$K$2:$K$5000="認可")), ROW(A8)))<>0,INDEX(Kintoneデータ抽出!M:M, _xlfn.AGGREGATE(15, 6, ROW(Kintoneデータ抽出!$K$2:$K$5000) / ((Kintoneデータ抽出!$K$2:$K$5000="小規模") + (Kintoneデータ抽出!$K$2:$K$5000="認可")), ROW(A8))),""), "")} | P19: {=IFERROR(IF(INDEX(Kintoneデータ抽出!L:L, _xlfn.AGGREGATE(15, 6, ROW(Kintoneデータ抽出!$K$2:$K$5000) / ((Kintoneデータ抽出!$K$2:$K$5000="院内")), ROW(A8)))<>"", IF(COUNTIF(INDEX(Kintoneデータ抽出!L:L, _xlfn.AGGREGATE(15, 6, ROW(Kintoneデータ抽出!$K$2:$K$5000) / ((Kintoneデータ抽出!$K$2:$K$5000="院内")), ROW(A8))),"*企業主導型以外*"),"", IF(COUNTIF(INDEX(Kintoneデータ抽出!L:L, _xlfn.AGGREGATE(15, 6, ROW(Kintoneデータ抽出!$K$2:$K$5000) / ((Kintoneデータ抽出!$K$2:$K$5000="院内")), ROW(A8))),"*その他*"),"", IF(COUNTIF(INDEX(Kintoneデータ抽出!L:L, _xlfn.AGGREGATE(15, 6, ROW(Kintoneデータ抽出!$K$2:$K$5000) / ((Kintoneデータ抽出!$K$2:$K$5000="院内")), ROW(A8))),"*新制度*"),"新制度","企業主導型"))),""), "")}
D20: =IF(H20<>"",D19+1,"") | F20: {=IFERROR(INDEX(Kintoneデータ抽出!A:A, _xlfn.AGGREGATE(15, 6, ROW(Kintoneデータ抽出!$K$2:$K$5000) / ((Kintoneデータ抽出!$K$2:$K$5000="小規模") + (Kintoneデータ抽出!$K$2:$K$5000="認可")), ROW(A9))), "")} | G20: {=IFERROR(INDEX(Kintoneデータ抽出!D:D, _xlfn.AGGREGATE(15, 6, ROW(Kintoneデータ抽出!$K$2:$K$5000) / ((Kintoneデータ抽出!$K$2:$K$5000="小規模") + (Kintoneデータ抽出!$K$2:$K$5000="認可")), ROW(A9))), "")} | H20: {=IFERROR(INDEX(Kintoneデータ抽出!C:C, _xlfn.AGGREGATE(15, 6, ROW(Kintoneデータ抽出!$K$2:$K$5000) / ((Kintoneデータ抽出!$K$2:$K$5000="小規模") + (Kintoneデータ抽出!$K$2:$K$5000="認可")), ROW(A9))), "")} | I20: {=IFERROR(IF(INDEX(Kintoneデータ抽出!G:G, _xlfn.AGGREGATE(15, 6, ROW(Kintoneデータ抽出!$K$2:$K$5000) / ((Kintoneデータ抽出!$K$2:$K$5000="小規模") + (Kintoneデータ抽出!$K$2:$K$5000="認可")), ROW(A9)))<>"",INDEX(Kintoneデータ抽出!G:G, _xlfn.AGGREGATE(15, 6, ROW(Kintoneデータ抽出!$K$2:$K$5000) / ((Kintoneデータ抽出!$K$2:$K$5000="小規模") + (Kintoneデータ抽出!$K$2:$K$5000="認可")), ROW(A9)))&"名",""), "")} | J20: {=IFERROR(IF(INDEX(Kintoneデータ抽出!E:E, _xlfn.AGGREGATE(15, 6, ROW(Kintoneデータ抽出!$K$2:$K$5000) / ((Kintoneデータ抽出!$K$2:$K$5000="小規模") + (Kintoneデータ抽出!$K$2:$K$5000="認可")), ROW(A9)))<>"", YEAR(INDEX(Kintoneデータ抽出!E:E, _xlfn.AGGREGATE(15, 6, ROW(Kintoneデータ抽出!$K$2:$K$5000) / ((Kintoneデータ抽出!$K$2:$K$5000="小規模") + (Kintoneデータ抽出!$K$2:$K$5000="認可")), ROW(A9))))&"年" &MONTH(INDEX(Kintoneデータ抽出!E:E, _xlfn.AGGREGATE(15, 6, ROW(Kintoneデータ抽出!$K$2:$K$5000) / ((Kintoneデータ抽出!$K$2:$K$5000="小規模") + (Kintoneデータ抽出!$K$2:$K$5000="認可")), ROW(A9))))&"月" &DAY(INDEX(Kintoneデータ抽出!E:E, _xlfn.AGGREGATE(15, 6, ROW(Kintoneデータ抽出!$K$2:$K$5000) / ((Kintoneデータ抽出!$K$2:$K$5000="小規模") + (Kintoneデータ抽出!$K$2:$K$5000="認可")), ROW(A9))))&"日",""), "")} | K20: {=IFERROR(IF(INDEX(Kintoneデータ抽出!F:F, _xlfn.AGGREGATE(15, 6, ROW(Kintoneデータ抽出!$K$2:$K$5000) / ((Kintoneデータ抽出!$K$2:$K$5000="小規模") + (Kintoneデータ抽出!$K$2:$K$5000="認可")), ROW(A9)))<>"", VLOOKUP(INDEX(Kintoneデータ抽出!F:F, _xlfn.AGGREGATE(15, 6, ROW(Kintoneデータ抽出!$K$2:$K$5000) / ((Kintoneデータ抽出!$K$2:$K$5000="小規模") + (Kintoneデータ抽出!$K$2:$K$5000="認可")), ROW(A9))),基本開園日の表記!$A$2:$B$13,2,FALSE),""), "")} | L20: {=IFERROR(IF(INDEX(Kintoneデータ抽出!F:F, _xlfn.AGGREGATE(15, 6, ROW(Kintoneデータ抽出!$K$2:$K$5000) / ((Kintoneデータ抽出!$K$2:$K$5000="小規模") + (Kintoneデータ抽出!$K$2:$K$5000="認可")), ROW(A9)))<>"", IF(COUNTIF(INDEX(Kintoneデータ抽出!F:F, _xlfn.AGGREGATE(15, 6, ROW(Kintoneデータ抽出!$K$2:$K$5000) / ((Kintoneデータ抽出!$K$2:$K$5000="小規模") + (Kintoneデータ抽出!$K$2:$K$5000="認可")), ROW(A9))),"*あり*"),"夜間",""),""), "")} | M20: {=IFERROR(IF(INDEX(Kintoneデータ抽出!I:I, _xlfn.AGGREGATE(15, 6, ROW(Kintoneデータ抽出!$K$2:$K$5000) / ((Kintoneデータ抽出!$K$2:$K$5000="小規模") + (Kintoneデータ抽出!$K$2:$K$5000="認可")), ROW(A9)))<>"", IF(COUNTIF(INDEX(Kintoneデータ抽出!I:I, _xlfn.AGGREGATE(15, 6, ROW(Kintoneデータ抽出!$K$2:$K$5000) / ((Kintoneデータ抽出!$K$2:$K$5000="小規模") + (Kintoneデータ抽出!$K$2:$K$5000="認可")), ROW(A9))),"*あり*"),"学童",""),""), "")} | N20: {=IFERROR(IF(INDEX(Kintoneデータ抽出!H:H, _xlfn.AGGREGATE(15, 6, ROW(Kintoneデータ抽出!$K$2:$K$5000) / ((Kintoneデータ抽出!$K$2:$K$5000="小規模") + (Kintoneデータ抽出!$K$2:$K$5000="認可")), ROW(A9)))<>"", IF(COUNTIF(INDEX(Kintoneデータ抽出!H:H, _xlfn.AGGREGATE(15, 6, ROW(Kintoneデータ抽出!$K$2:$K$5000) / ((Kintoneデータ抽出!$K$2:$K$5000="小規模") + (Kintoneデータ抽出!$K$2:$K$5000="認可")), ROW(A9))),"*あり*"),"病児",""),""), "")} | O20: {=IFERROR( IF(INDEX(Kintoneデータ抽出!M:M, _xlfn.AGGREGATE(15, 6, ROW(Kintoneデータ抽出!$K$2:$K$5000) / ((Kintoneデータ抽出!$K$2:$K$5000="小規模") + (Kintoneデータ抽出!$K$2:$K$5000="認可")), ROW(A9)))<>0,INDEX(Kintoneデータ抽出!M:M, _xlfn.AGGREGATE(15, 6, ROW(Kintoneデータ抽出!$K$2:$K$5000) / ((Kintoneデータ抽出!$K$2:$K$5000="小規模") + (Kintoneデータ抽出!$K$2:$K$5000="認可")), ROW(A9))),""), "")} | P20: {=IFERROR(IF(INDEX(Kintoneデータ抽出!L:L, _xlfn.AGGREGATE(15, 6, ROW(Kintoneデータ抽出!$K$2:$K$5000) / ((Kintoneデータ抽出!$K$2:$K$5000="院内")), ROW(A9)))<>"", IF(COUNTIF(INDEX(Kintoneデータ抽出!L:L, _xlfn.AGGREGATE(15, 6, ROW(Kintoneデータ抽出!$K$2:$K$5000) / ((Kintoneデータ抽出!$K$2:$K$5000="院内")), ROW(A9))),"*企業主導型以外*"),"", IF(COUNTIF(INDEX(Kintoneデータ抽出!L:L, _xlfn.AGGREGATE(15, 6, ROW(Kintoneデータ抽出!$K$2:$K$5000) / ((Kintoneデータ抽出!$K$2:$K$5000="院内")), ROW(A9))),"*その他*"),"", IF(COUNTIF(INDEX(Kintoneデータ抽出!L:L, _xlfn.AGGREGATE(15, 6, ROW(Kintoneデータ抽出!$K$2:$K$5000) / ((Kintoneデータ抽出!$K$2:$K$5000="院内")), ROW(A9))),"*新制度*"),"新制度","企業主導型"))),""), "")}
D21: =IF(H21<>"",D20+1,"") | F21: {=IFERROR(INDEX(Kintoneデータ抽出!A:A, _xlfn.AGGREGATE(15, 6, ROW(Kintoneデータ抽出!$K$2:$K$5000) / ((Kintoneデータ抽出!$K$2:$K$5000="小規模") + (Kintoneデータ抽出!$K$2:$K$5000="認可")), ROW(A10))), "")} | G21: {=IFERROR(INDEX(Kintoneデータ抽出!D:D, _xlfn.AGGREGATE(15, 6, ROW(Kintoneデータ抽出!$K$2:$K$5000) / ((Kintoneデータ抽出!$K$2:$K$5000="小規模") + (Kintoneデータ抽出!$K$2:$K$5000="認可")), ROW(A10))), "")} | H21: {=IFERROR(INDEX(Kintoneデータ抽出!C:C, _xlfn.AGGREGATE(15, 6, ROW(Kintoneデータ抽出!$K$2:$K$5000) / ((Kintoneデータ抽出!$K$2:$K$5000="小規模") + (Kintoneデータ抽出!$K$2:$K$5000="認可")), ROW(A10))), "")} | I21: {=IFERROR(IF(INDEX(Kintoneデータ抽出!G:G, _xlfn.AGGREGATE(15, 6, ROW(Kintoneデータ抽出!$K$2:$K$5000) / ((Kintoneデータ抽出!$K$2:$K$5000="小規模") + (Kintoneデータ抽出!$K$2:$K$5000="認可")), ROW(A10)))<>"",INDEX(Kintoneデータ抽出!G:G, _xlfn.AGGREGATE(15, 6, ROW(Kintoneデータ抽出!$K$2:$K$5000) / ((Kintoneデータ抽出!$K$2:$K$5000="小規模") + (Kintoneデータ抽出!$K$2:$K$5000="認可")), ROW(A10)))&"名",""), "")} | J21: {=IFERROR(IF(INDEX(Kintoneデータ抽出!E:E, _xlfn.AGGREGATE(15, 6, ROW(Kintoneデータ抽出!$K$2:$K$5000) / ((Kintoneデータ抽出!$K$2:$K$5000="小規模") + (Kintoneデータ抽出!$K$2:$K$5000="認可")), ROW(A10)))<>"", YEAR(INDEX(Kintoneデータ抽出!E:E, _xlfn.AGGREGATE(15, 6, ROW(Kintoneデータ抽出!$K$2:$K$5000) / ((Kintoneデータ抽出!$K$2:$K$5000="小規模") + (Kintoneデータ抽出!$K$2:$K$5000="認可")), ROW(A10))))&"年" &MONTH(INDEX(Kintoneデータ抽出!E:E, _xlfn.AGGREGATE(15, 6, ROW(Kintoneデータ抽出!$K$2:$K$5000) / ((Kintoneデータ抽出!$K$2:$K$5000="小規模") + (Kintoneデータ抽出!$K$2:$K$5000="認可")), ROW(A10))))&"月" &DAY(INDEX(Kintoneデータ抽出!E:E, _xlfn.AGGREGATE(15, 6, ROW(Kintoneデータ抽出!$K$2:$K$5000) / ((Kintoneデータ抽出!$K$2:$K$5000="小規模") + (Kintoneデータ抽出!$K$2:$K$5000="認可")), ROW(A10))))&"日",""), "")} | K21: {=IFERROR(IF(INDEX(Kintoneデータ抽出!F:F, _xlfn.AGGREGATE(15, 6, ROW(Kintoneデータ抽出!$K$2:$K$5000) / ((Kintoneデータ抽出!$K$2:$K$5000="小規模") + (Kintoneデータ抽出!$K$2:$K$5000="認可")), ROW(A10)))<>"", VLOOKUP(INDEX(Kintoneデータ抽出!F:F, _xlfn.AGGREGATE(15, 6, ROW(Kintoneデータ抽出!$K$2:$K$5000) / ((Kintoneデータ抽出!$K$2:$K$5000="小規模") + (Kintoneデータ抽出!$K$2:$K$5000="認可")), ROW(A10))),基本開園日の表記!$A$2:$B$13,2,FALSE),""), "")} | L21: {=IFERROR(IF(INDEX(Kintoneデータ抽出!F:F, _xlfn.AGGREGATE(15, 6, ROW(Kintoneデータ抽出!$K$2:$K$5000) / ((Kintoneデータ抽出!$K$2:$K$5000="小規模") + (Kintoneデータ抽出!$K$2:$K$5000="認可")), ROW(A10)))<>"", IF(COUNTIF(INDEX(Kintoneデータ抽出!F:F, _xlfn.AGGREGATE(15, 6, ROW(Kintoneデータ抽出!$K$2:$K$5000) / ((Kintoneデータ抽出!$K$2:$K$5000="小規模") + (Kintoneデータ抽出!$K$2:$K$5000="認可")), ROW(A10))),"*あり*"),"夜間",""),""), "")} | M21: {=IFERROR(IF(INDEX(Kintoneデータ抽出!I:I, _xlfn.AGGREGATE(15, 6, ROW(Kintoneデータ抽出!$K$2:$K$5000) / ((Kintoneデータ抽出!$K$2:$K$5000="小規模") + (Kintoneデータ抽出!$K$2:$K$5000="認可")), ROW(A10)))<>"", IF(COUNTIF(INDEX(Kintoneデータ抽出!I:I, _xlfn.AGGREGATE(15, 6, ROW(Kintoneデータ抽出!$K$2:$K$5000) / ((Kintoneデータ抽出!$K$2:$K$5000="小規模") + (Kintoneデータ抽出!$K$2:$K$5000="認可")), ROW(A10))),"*あり*"),"学童",""),""), "")} | N21: {=IFERROR(IF(INDEX(Kintoneデータ抽出!H:H, _xlfn.AGGREGATE(15, 6, ROW(Kintoneデータ抽出!$K$2:$K$5000) / ((Kintoneデータ抽出!$K$2:$K$5000="小規模") + (Kintoneデータ抽出!$K$2:$K$5000="認可")), ROW(A10)))<>"", IF(COUNTIF(INDEX(Kintoneデータ抽出!H:H, _xlfn.AGGREGATE(15, 6, ROW(Kintoneデータ抽出!$K$2:$K$5000) / ((Kintoneデータ抽出!$K$2:$K$5000="小規模") + (Kintoneデータ抽出!$K$2:$K$5000="認可")), ROW(A10))),"*あり*"),"病児",""),""), "")} | O21: {=IFERROR( IF(INDEX(Kintoneデータ抽出!M:M, _xlfn.AGGREGATE(15, 6, ROW(Kintoneデータ抽出!$K$2:$K$5000) / ((Kintoneデータ抽出!$K$2:$K$5000="小規模") + (Kintoneデータ抽出!$K$2:$K$5000="認可")), ROW(A10)))<>0,INDEX(Kintoneデータ抽出!M:M, _xlfn.AGGREGATE(15, 6, ROW(Kintoneデータ抽出!$K$2:$K$5000) / ((Kintoneデータ抽出!$K$2:$K$5000="小規模") + (Kintoneデータ抽出!$K$2:$K$5000="認可")), ROW(A10))),""), "")} | P21: {=IFERROR(IF(INDEX(Kintoneデータ抽出!L:L, _xlfn.AGGREGATE(15, 6, ROW(Kintoneデータ抽出!$K$2:$K$5000) / ((Kintoneデータ抽出!$K$2:$K$5000="院内")), ROW(A10)))<>"", IF(COUNTIF(INDEX(Kintoneデータ抽出!L:L, _xlfn.AGGREGATE(15, 6, ROW(Kintoneデータ抽出!$K$2:$K$5000) / ((Kintoneデータ抽出!$K$2:$K$5000="院内")), ROW(A10))),"*企業主導型以外*"),"", IF(COUNTIF(INDEX(Kintoneデータ抽出!L:L, _xlfn.AGGREGATE(15, 6, ROW(Kintoneデータ抽出!$K$2:$K$5000) / ((Kintoneデータ抽出!$K$2:$K$5000="院内")), ROW(A10))),"*その他*"),"", IF(COUNTIF(INDEX(Kintoneデータ抽出!L:L, _xlfn.AGGREGATE(15, 6, ROW(Kintoneデータ抽出!$K$2:$K$5000) / ((Kintoneデータ抽出!$K$2:$K$5000="院内")), ROW(A10))),"*新制度*"),"新制度","企業主導型"))),""), "")}
D22: =IF(H22<>"",D21+1,"") | F22: {=IFERROR(INDEX(Kintoneデータ抽出!A:A, _xlfn.AGGREGATE(15, 6, ROW(Kintoneデータ抽出!$K$2:$K$5000) / ((Kintoneデータ抽出!$K$2:$K$5000="小規模") + (Kintoneデータ抽出!$K$2:$K$5000="認可")), ROW(A11))), "")} | G22: {=IFERROR(INDEX(Kintoneデータ抽出!D:D, _xlfn.AGGREGATE(15, 6, ROW(Kintoneデータ抽出!$K$2:$K$5000) / ((Kintoneデータ抽出!$K$2:$K$5000="小規模") + (Kintoneデータ抽出!$K$2:$K$5000="認可")), ROW(A11))), "")} | H22: {=IFERROR(INDEX(Kintoneデータ抽出!C:C, _xlfn.AGGREGATE(15, 6, ROW(Kintoneデータ抽出!$K$2:$K$5000) / ((Kintoneデータ抽出!$K$2:$K$5000="小規模") + (Kintoneデータ抽出!$K$2:$K$5000="認可")), ROW(A11))), "")} | I22: {=IFERROR(IF(INDEX(Kintoneデータ抽出!G:G, _xlfn.AGGREGATE(15, 6, ROW(Kintoneデータ抽出!$K$2:$K$5000) / ((Kintoneデータ抽出!$K$2:$K$5000="小規模") + (Kintoneデータ抽出!$K$2:$K$5000="認可")), ROW(A11)))<>"",INDEX(Kintoneデータ抽出!G:G, _xlfn.AGGREGATE(15, 6, ROW(Kintoneデータ抽出!$K$2:$K$5000) / ((Kintoneデータ抽出!$K$2:$K$5000="小規模") + (Kintoneデータ抽出!$K$2:$K$5000="認可")), ROW(A11)))&"名",""), "")} | J22: {=IFERROR(IF(INDEX(Kintoneデータ抽出!E:E, _xlfn.AGGREGATE(15, 6, ROW(Kintoneデータ抽出!$K$2:$K$5000) / ((Kintoneデータ抽出!$K$2:$K$5000="小規模") + (Kintoneデータ抽出!$K$2:$K$5000="認可")), ROW(A11)))<>"", YEAR(INDEX(Kintoneデータ抽出!E:E, _xlfn.AGGREGATE(15, 6, ROW(Kintoneデータ抽出!$K$2:$K$5000) / ((Kintoneデータ抽出!$K$2:$K$5000="小規模") + (Kintoneデータ抽出!$K$2:$K$5000="認可")), ROW(A11))))&"年" &MONTH(INDEX(Kintoneデータ抽出!E:E, _xlfn.AGGREGATE(15, 6, ROW(Kintoneデータ抽出!$K$2:$K$5000) / ((Kintoneデータ抽出!$K$2:$K$5000="小規模") + (Kintoneデータ抽出!$K$2:$K$5000="認可")), ROW(A11))))&"月" &DAY(INDEX(Kintoneデータ抽出!E:E, _xlfn.AGGREGATE(15, 6, ROW(Kintoneデータ抽出!$K$2:$K$5000) / ((Kintoneデータ抽出!$K$2:$K$5000="小規模") + (Kintoneデータ抽出!$K$2:$K$5000="認可")), ROW(A11))))&"日",""), "")} | K22: {=IFERROR(IF(INDEX(Kintoneデータ抽出!F:F, _xlfn.AGGREGATE(15, 6, ROW(Kintoneデータ抽出!$K$2:$K$5000) / ((Kintoneデータ抽出!$K$2:$K$5000="小規模") + (Kintoneデータ抽出!$K$2:$K$5000="認可")), ROW(A11)))<>"", VLOOKUP(INDEX(Kintoneデータ抽出!F:F, _xlfn.AGGREGATE(15, 6, ROW(Kintoneデータ抽出!$K$2:$K$5000) / ((Kintoneデータ抽出!$K$2:$K$5000="小規模") + (Kintoneデータ抽出!$K$2:$K$5000="認可")), ROW(A11))),基本開園日の表記!$A$2:$B$13,2,FALSE),""), "")} | L22: {=IFERROR(IF(INDEX(Kintoneデータ抽出!F:F, _xlfn.AGGREGATE(15, 6, ROW(Kintoneデータ抽出!$K$2:$K$5000) / ((Kintoneデータ抽出!$K$2:$K$5000="小規模") + (Kintoneデータ抽出!$K$2:$K$5000="認可")), ROW(A11)))<>"", IF(COUNTIF(INDEX(Kintoneデータ抽出!F:F, _xlfn.AGGREGATE(15, 6, ROW(Kintoneデータ抽出!$K$2:$K$5000) / ((Kintoneデータ抽出!$K$2:$K$5000="小規模") + (Kintoneデータ抽出!$K$2:$K$5000="認可")), ROW(A11))),"*あり*"),"夜間",""),""), "")} | M22: {=IFERROR(IF(INDEX(Kintoneデータ抽出!I:I, _xlfn.AGGREGATE(15, 6, ROW(Kintoneデータ抽出!$K$2:$K$5000) / ((Kintoneデータ抽出!$K$2:$K$5000="小規模") + (Kintoneデータ抽出!$K$2:$K$5000="認可")), ROW(A11)))<>"", IF(COUNTIF(INDEX(Kintoneデータ抽出!I:I, _xlfn.AGGREGATE(15, 6, ROW(Kintoneデータ抽出!$K$2:$K$5000) / ((Kintoneデータ抽出!$K$2:$K$5000="小規模") + (Kintoneデータ抽出!$K$2:$K$5000="認可")), ROW(A11))),"*あり*"),"学童",""),""), "")} | N22: {=IFERROR(IF(INDEX(Kintoneデータ抽出!H:H, _xlfn.AGGREGATE(15, 6, ROW(Kintoneデータ抽出!$K$2:$K$5000) / ((Kintoneデータ抽出!$K$2:$K$5000="小規模") + (Kintoneデータ抽出!$K$2:$K$5000="認可")), ROW(A11)))<>"", IF(COUNTIF(INDEX(Kintoneデータ抽出!H:H, _xlfn.AGGREGATE(15, 6, ROW(Kintoneデータ抽出!$K$2:$K$5000) / ((Kintoneデータ抽出!$K$2:$K$5000="小規模") + (Kintoneデータ抽出!$K$2:$K$5000="認可")), ROW(A11))),"*あり*"),"病児",""),""), "")} | O22: {=IFERROR( IF(INDEX(Kintoneデータ抽出!M:M, _xlfn.AGGREGATE(15, 6, ROW(Kintoneデータ抽出!$K$2:$K$5000) / ((Kintoneデータ抽出!$K$2:$K$5000="小規模") + (Kintoneデータ抽出!$K$2:$K$5000="認可")), ROW(A11)))<>0,INDEX(Kintoneデータ抽出!M:M, _xlfn.AGGREGATE(15, 6, ROW(Kintoneデータ抽出!$K$2:$K$5000) / ((Kintoneデータ抽出!$K$2:$K$5000="小規模") + (Kintoneデータ抽出!$K$2:$K$5000="認可")), ROW(A11))),""), "")} | P22: {=IFERROR(IF(INDEX(Kintoneデータ抽出!L:L, _xlfn.AGGREGATE(15, 6, ROW(Kintoneデータ抽出!$K$2:$K$5000) / ((Kintoneデータ抽出!$K$2:$K$5000="院内")), ROW(A11)))<>"", IF(COUNTIF(INDEX(Kintoneデータ抽出!L:L, _xlfn.AGGREGATE(15, 6, ROW(Kintoneデータ抽出!$K$2:$K$5000) / ((Kintoneデータ抽出!$K$2:$K$5000="院内")), ROW(A11))),"*企業主導型以外*"),"", IF(COUNTIF(INDEX(Kintoneデータ抽出!L:L, _xlfn.AGGREGATE(15, 6, ROW(Kintoneデータ抽出!$K$2:$K$5000) / ((Kintoneデータ抽出!$K$2:$K$5000="院内")), ROW(A11))),"*その他*"),"", IF(COUNTIF(INDEX(Kintoneデータ抽出!L:L, _xlfn.AGGREGATE(15, 6, ROW(Kintoneデータ抽出!$K$2:$K$5000) / ((Kintoneデータ抽出!$K$2:$K$5000="院内")), ROW(A11))),"*新制度*"),"新制度","企業主導型"))),""), "")}
D23: =IF(H23<>"",D22+1,"") | F23: {=IFERROR(INDEX(Kintoneデータ抽出!A:A, _xlfn.AGGREGATE(15, 6, ROW(Kintoneデータ抽出!$K$2:$K$5000) / ((Kintoneデータ抽出!$K$2:$K$5000="小規模") + (Kintoneデータ抽出!$K$2:$K$5000="認可")), ROW(A12))), "")} | G23: {=IFERROR(INDEX(Kintoneデータ抽出!D:D, _xlfn.AGGREGATE(15, 6, ROW(Kintoneデータ抽出!$K$2:$K$5000) / ((Kintoneデータ抽出!$K$2:$K$5000="小規模") + (Kintoneデータ抽出!$K$2:$K$5000="認可")), ROW(A12))), "")} | H23: {=IFERROR(INDEX(Kintoneデータ抽出!C:C, _xlfn.AGGREGATE(15, 6, ROW(Kintoneデータ抽出!$K$2:$K$5000) / ((Kintoneデータ抽出!$K$2:$K$5000="小規模") + (Kintoneデータ抽出!$K$2:$K$5000="認可")), ROW(A12))), "")} | I23: {=IFERROR(IF(INDEX(Kintoneデータ抽出!G:G, _xlfn.AGGREGATE(15, 6, ROW(Kintoneデータ抽出!$K$2:$K$5000) / ((Kintoneデータ抽出!$K$2:$K$5000="小規模") + (Kintoneデータ抽出!$K$2:$K$5000="認可")), ROW(A12)))<>"",INDEX(Kintoneデータ抽出!G:G, _xlfn.AGGREGATE(15, 6, ROW(Kintoneデータ抽出!$K$2:$K$5000) / ((Kintoneデータ抽出!$K$2:$K$5000="小規模") + (Kintoneデータ抽出!$K$2:$K$5000="認可")), ROW(A12)))&"名",""), "")} | J23: {=IFERROR(IF(INDEX(Kintoneデータ抽出!E:E, _xlfn.AGGREGATE(15, 6, ROW(Kintoneデータ抽出!$K$2:$K$5000) / ((Kintoneデータ抽出!$K$2:$K$5000="小規模") + (Kintoneデータ抽出!$K$2:$K$5000="認可")), ROW(A12)))<>"", YEAR(INDEX(Kintoneデータ抽出!E:E, _xlfn.AGGREGATE(15, 6, ROW(Kintoneデータ抽出!$K$2:$K$5000) / ((Kintoneデータ抽出!$K$2:$K$5000="小規模") + (Kintoneデータ抽出!$K$2:$K$5000="認可")), ROW(A12))))&"年" &MONTH(INDEX(Kintoneデータ抽出!E:E, _xlfn.AGGREGATE(15, 6, ROW(Kintoneデータ抽出!$K$2:$K$5000) / ((Kintoneデータ抽出!$K$2:$K$5000="小規模") + (Kintoneデータ抽出!$K$2:$K$5000="認可")), ROW(A12))))&"月" &DAY(INDEX(Kintoneデータ抽出!E:E, _xlfn.AGGREGATE(15, 6, ROW(Kintoneデータ抽出!$K$2:$K$5000) / ((Kintoneデータ抽出!$K$2:$K$5000="小規模") + (Kintoneデータ抽出!$K$2:$K$5000="認可")), ROW(A12))))&"日",""), "")} | K23: {=IFERROR(IF(INDEX(Kintoneデータ抽出!F:F, _xlfn.AGGREGATE(15, 6, ROW(Kintoneデータ抽出!$K$2:$K$5000) / ((Kintoneデータ抽出!$K$2:$K$5000="小規模") + (Kintoneデータ抽出!$K$2:$K$5000="認可")), ROW(A12)))<>"", VLOOKUP(INDEX(Kintoneデータ抽出!F:F, _xlfn.AGGREGATE(15, 6, ROW(Kintoneデータ抽出!$K$2:$K$5000) / ((Kintoneデータ抽出!$K$2:$K$5000="小規模") + (Kintoneデータ抽出!$K$2:$K$5000="認可")), ROW(A12))),基本開園日の表記!$A$2:$B$13,2,FALSE),""), "")} | L23: {=IFERROR(IF(INDEX(Kintoneデータ抽出!F:F, _xlfn.AGGREGATE(15, 6, ROW(Kintoneデータ抽出!$K$2:$K$5000) / ((Kintoneデータ抽出!$K$2:$K$5000="小規模") + (Kintoneデータ抽出!$K$2:$K$5000="認可")), ROW(A12)))<>"", IF(COUNTIF(INDEX(Kintoneデータ抽出!F:F, _xlfn.AGGREGATE(15, 6, ROW(Kintoneデータ抽出!$K$2:$K$5000) / ((Kintoneデータ抽出!$K$2:$K$5000="小規模") + (Kintoneデータ抽出!$K$2:$K$5000="認可")), ROW(A12))),"*あり*"),"夜間",""),""), "")} | M23: {=IFERROR(IF(INDEX(Kintoneデータ抽出!I:I, _xlfn.AGGREGATE(15, 6, ROW(Kintoneデータ抽出!$K$2:$K$5000) / ((Kintoneデータ抽出!$K$2:$K$5000="小規模") + (Kintoneデータ抽出!$K$2:$K$5000="認可")), ROW(A12)))<>"", IF(COUNTIF(INDEX(Kintoneデータ抽出!I:I, _xlfn.AGGREGATE(15, 6, ROW(Kintoneデータ抽出!$K$2:$K$5000) / ((Kintoneデータ抽出!$K$2:$K$5000="小規模") + (Kintoneデータ抽出!$K$2:$K$5000="認可")), ROW(A12))),"*あり*"),"学童",""),""), "")} | N23: {=IFERROR(IF(INDEX(Kintoneデータ抽出!H:H, _xlfn.AGGREGATE(15, 6, ROW(Kintoneデータ抽出!$K$2:$K$5000) / ((Kintoneデータ抽出!$K$2:$K$5000="小規模") + (Kintoneデータ抽出!$K$2:$K$5000="認可")), ROW(A12)))<>"", IF(COUNTIF(INDEX(Kintoneデータ抽出!H:H, _xlfn.AGGREGATE(15, 6, ROW(Kintoneデータ抽出!$K$2:$K$5000) / ((Kintoneデータ抽出!$K$2:$K$5000="小規模") + (Kintoneデータ抽出!$K$2:$K$5000="認可")), ROW(A12))),"*あり*"),"病児",""),""), "")} | O23: {=IFERROR( IF(INDEX(Kintoneデータ抽出!M:M, _xlfn.AGGREGATE(15, 6, ROW(Kintoneデータ抽出!$K$2:$K$5000) / ((Kintoneデータ抽出!$K$2:$K$5000="小規模") + (Kintoneデータ抽出!$K$2:$K$5000="認可")), ROW(A12)))<>0,INDEX(Kintoneデータ抽出!M:M, _xlfn.AGGREGATE(15, 6, ROW(Kintoneデータ抽出!$K$2:$K$5000) / ((Kintoneデータ抽出!$K$2:$K$5000="小規模") + (Kintoneデータ抽出!$K$2:$K$5000="認可")), ROW(A12))),""), "")} | P23: {=IFERROR(IF(INDEX(Kintoneデータ抽出!L:L, _xlfn.AGGREGATE(15, 6, ROW(Kintoneデータ抽出!$K$2:$K$5000) / ((Kintoneデータ抽出!$K$2:$K$5000="院内")), ROW(A12)))<>"", IF(COUNTIF(INDEX(Kintoneデータ抽出!L:L, _xlfn.AGGREGATE(15, 6, ROW(Kintoneデータ抽出!$K$2:$K$5000) / ((Kintoneデータ抽出!$K$2:$K$5000="院内")), ROW(A12))),"*企業主導型以外*"),"", IF(COUNTIF(INDEX(Kintoneデータ抽出!L:L, _xlfn.AGGREGATE(15, 6, ROW(Kintoneデータ抽出!$K$2:$K$5000) / ((Kintoneデータ抽出!$K$2:$K$5000="院内")), ROW(A12))),"*その他*"),"", IF(COUNTIF(INDEX(Kintoneデータ抽出!L:L, _xlfn.AGGREGATE(15, 6, ROW(Kintoneデータ抽出!$K$2:$K$5000) / ((Kintoneデータ抽出!$K$2:$K$5000="院内")), ROW(A12))),"*新制度*"),"新制度","企業主導型"))),""), "")}
D24: =IF(H24<>"",D23+1,"") | F24: {=IFERROR(INDEX(Kintoneデータ抽出!A:A, _xlfn.AGGREGATE(15, 6, ROW(Kintoneデータ抽出!$K$2:$K$5000) / ((Kintoneデータ抽出!$K$2:$K$5000="小規模") + (Kintoneデータ抽出!$K$2:$K$5000="認可")), ROW(A13))), "")} | G24: {=IFERROR(INDEX(Kintoneデータ抽出!D:D, _xlfn.AGGREGATE(15, 6, ROW(Kintoneデータ抽出!$K$2:$K$5000) / ((Kintoneデータ抽出!$K$2:$K$5000="小規模") + (Kintoneデータ抽出!$K$2:$K$5000="認可")), ROW(A13))), "")} | H24: {=IFERROR(INDEX(Kintoneデータ抽出!C:C, _xlfn.AGGREGATE(15, 6, ROW(Kintoneデータ抽出!$K$2:$K$5000) / ((Kintoneデータ抽出!$K$2:$K$5000="小規模") + (Kintoneデータ抽出!$K$2:$K$5000="認可")), ROW(A13))), "")} | I24: {=IFERROR(IF(INDEX(Kintoneデータ抽出!G:G, _xlfn.AGGREGATE(15, 6, ROW(Kintoneデータ抽出!$K$2:$K$5000) / ((Kintoneデータ抽出!$K$2:$K$5000="小規模") + (Kintoneデータ抽出!$K$2:$K$5000="認可")), ROW(A13)))<>"",INDEX(Kintoneデータ抽出!G:G, _xlfn.AGGREGATE(15, 6, ROW(Kintoneデータ抽出!$K$2:$K$5000) / ((Kintoneデータ抽出!$K$2:$K$5000="小規模") + (Kintoneデータ抽出!$K$2:$K$5000="認可")), ROW(A13)))&"名",""), "")} | J24: {=IFERROR(IF(INDEX(Kintoneデータ抽出!E:E, _xlfn.AGGREGATE(15, 6, ROW(Kintoneデータ抽出!$K$2:$K$5000) / ((Kintoneデータ抽出!$K$2:$K$5000="小規模") + (Kintoneデータ抽出!$K$2:$K$5000="認可")), ROW(A13)))<>"", YEAR(INDEX(Kintoneデータ抽出!E:E, _xlfn.AGGREGATE(15, 6, ROW(Kintoneデータ抽出!$K$2:$K$5000) / ((Kintoneデータ抽出!$K$2:$K$5000="小規模") + (Kintoneデータ抽出!$K$2:$K$5000="認可")), ROW(A13))))&"年" &MONTH(INDEX(Kintoneデータ抽出!E:E, _xlfn.AGGREGATE(15, 6, ROW(Kintoneデータ抽出!$K$2:$K$5000) / ((Kintoneデータ抽出!$K$2:$K$5000="小規模") + (Kintoneデータ抽出!$K$2:$K$5000="認可")), ROW(A13))))&"月" &DAY(INDEX(Kintoneデータ抽出!E:E, _xlfn.AGGREGATE(15, 6, ROW(Kintoneデータ抽出!$K$2:$K$5000) / ((Kintoneデータ抽出!$K$2:$K$5000="小規模") + (Kintoneデータ抽出!$K$2:$K$5000="認可")), ROW(A13))))&"日",""), "")} | K24: {=IFERROR(IF(INDEX(Kintoneデータ抽出!F:F, _xlfn.AGGREGATE(15, 6, ROW(Kintoneデータ抽出!$K$2:$K$5000) / ((Kintoneデータ抽出!$K$2:$K$5000="小規模") + (Kintoneデータ抽出!$K$2:$K$5000="認可")), ROW(A13)))<>"", VLOOKUP(INDEX(Kintoneデータ抽出!F:F, _xlfn.AGGREGATE(15, 6, ROW(Kintoneデータ抽出!$K$2:$K$5000) / ((Kintoneデータ抽出!$K$2:$K$5000="小規模") + (Kintoneデータ抽出!$K$2:$K$5000="認可")), ROW(A13))),基本開園日の表記!$A$2:$B$13,2,FALSE),""), "")} | L24: {=IFERROR(IF(INDEX(Kintoneデータ抽出!F:F, _xlfn.AGGREGATE(15, 6, ROW(Kintoneデータ抽出!$K$2:$K$5000) / ((Kintoneデータ抽出!$K$2:$K$5000="小規模") + (Kintoneデータ抽出!$K$2:$K$5000="認可")), ROW(A13)))<>"", IF(COUNTIF(INDEX(Kintoneデータ抽出!F:F, _xlfn.AGGREGATE(15, 6, ROW(Kintoneデータ抽出!$K$2:$K$5000) / ((Kintoneデータ抽出!$K$2:$K$5000="小規模") + (Kintoneデータ抽出!$K$2:$K$5000="認可")), ROW(A13))),"*あり*"),"夜間",""),""), "")} | M24: {=IFERROR(IF(INDEX(Kintoneデータ抽出!I:I, _xlfn.AGGREGATE(15, 6, ROW(Kintoneデータ抽出!$K$2:$K$5000) / ((Kintoneデータ抽出!$K$2:$K$5000="小規模") + (Kintoneデータ抽出!$K$2:$K$5000="認可")), ROW(A13)))<>"", IF(COUNTIF(INDEX(Kintoneデータ抽出!I:I, _xlfn.AGGREGATE(15, 6, ROW(Kintoneデータ抽出!$K$2:$K$5000) / ((Kintoneデータ抽出!$K$2:$K$5000="小規模") + (Kintoneデータ抽出!$K$2:$K$5000="認可")), ROW(A13))),"*あり*"),"学童",""),""), "")} | N24: {=IFERROR(IF(INDEX(Kintoneデータ抽出!H:H, _xlfn.AGGREGATE(15, 6, ROW(Kintoneデータ抽出!$K$2:$K$5000) / ((Kintoneデータ抽出!$K$2:$K$5000="小規模") + (Kintoneデータ抽出!$K$2:$K$5000="認可")), ROW(A13)))<>"", IF(COUNTIF(INDEX(Kintoneデータ抽出!H:H, _xlfn.AGGREGATE(15, 6, ROW(Kintoneデータ抽出!$K$2:$K$5000) / ((Kintoneデータ抽出!$K$2:$K$5000="小規模") + (Kintoneデータ抽出!$K$2:$K$5000="認可")), ROW(A13))),"*あり*"),"病児",""),""), "")} | O24: {=IFERROR( IF(INDEX(Kintoneデータ抽出!M:M, _xlfn.AGGREGATE(15, 6, ROW(Kintoneデータ抽出!$K$2:$K$5000) / ((Kintoneデータ抽出!$K$2:$K$5000="小規模") + (Kintoneデータ抽出!$K$2:$K$5000="認可")), ROW(A13)))<>0,INDEX(Kintoneデータ抽出!M:M, _xlfn.AGGREGATE(15, 6, ROW(Kintoneデータ抽出!$K$2:$K$5000) / ((Kintoneデータ抽出!$K$2:$K$5000="小規模") + (Kintoneデータ抽出!$K$2:$K$5000="認可")), ROW(A13))),""), "")} | P24: {=IFERROR(IF(INDEX(Kintoneデータ抽出!L:L, _xlfn.AGGREGATE(15, 6, ROW(Kintoneデータ抽出!$K$2:$K$5000) / ((Kintoneデータ抽出!$K$2:$K$5000="院内")), ROW(A13)))<>"", IF(COUNTIF(INDEX(Kintoneデータ抽出!L:L, _xlfn.AGGREGATE(15, 6, ROW(Kintoneデータ抽出!$K$2:$K$5000) / ((Kintoneデータ抽出!$K$2:$K$5000="院内")), ROW(A13))),"*企業主導型以外*"),"", IF(COUNTIF(INDEX(Kintoneデータ抽出!L:L, _xlfn.AGGREGATE(15, 6, ROW(Kintoneデータ抽出!$K$2:$K$5000) / ((Kintoneデータ抽出!$K$2:$K$5000="院内")), ROW(A13))),"*その他*"),"", IF(COUNTIF(INDEX(Kintoneデータ抽出!L:L, _xlfn.AGGREGATE(15, 6, ROW(Kintoneデータ抽出!$K$2:$K$5000) / ((Kintoneデータ抽出!$K$2:$K$5000="院内")), ROW(A13))),"*新制度*"),"新制度","企業主導型"))),""), "")}
D25: =IF(H25<>"",D24+1,"") | F25: {=IFERROR(INDEX(Kintoneデータ抽出!A:A, _xlfn.AGGREGATE(15, 6, ROW(Kintoneデータ抽出!$K$2:$K$5000) / ((Kintoneデータ抽出!$K$2:$K$5000="小規模") + (Kintoneデータ抽出!$K$2:$K$5000="認可")), ROW(A14))), "")} | G25: {=IFERROR(INDEX(Kintoneデータ抽出!D:D, _xlfn.AGGREGATE(15, 6, ROW(Kintoneデータ抽出!$K$2:$K$5000) / ((Kintoneデータ抽出!$K$2:$K$5000="小規模") + (Kintoneデータ抽出!$K$2:$K$5000="認可")), ROW(A14))), "")} | H25: {=IFERROR(INDEX(Kintoneデータ抽出!C:C, _xlfn.AGGREGATE(15, 6, ROW(Kintoneデータ抽出!$K$2:$K$5000) / ((Kintoneデータ抽出!$K$2:$K$5000="小規模") + (Kintoneデータ抽出!$K$2:$K$5000="認可")), ROW(A14))), "")} | I25: {=IFERROR(IF(INDEX(Kintoneデータ抽出!G:G, _xlfn.AGGREGATE(15, 6, ROW(Kintoneデータ抽出!$K$2:$K$5000) / ((Kintoneデータ抽出!$K$2:$K$5000="小規模") + (Kintoneデータ抽出!$K$2:$K$5000="認可")), ROW(A14)))<>"",INDEX(Kintoneデータ抽出!G:G, _xlfn.AGGREGATE(15, 6, ROW(Kintoneデータ抽出!$K$2:$K$5000) / ((Kintoneデータ抽出!$K$2:$K$5000="小規模") + (Kintoneデータ抽出!$K$2:$K$5000="認可")), ROW(A14)))&"名",""), "")} | J25: {=IFERROR(IF(INDEX(Kintoneデータ抽出!E:E, _xlfn.AGGREGATE(15, 6, ROW(Kintoneデータ抽出!$K$2:$K$5000) / ((Kintoneデータ抽出!$K$2:$K$5000="小規模") + (Kintoneデータ抽出!$K$2:$K$5000="認可")), ROW(A14)))<>"", YEAR(INDEX(Kintoneデータ抽出!E:E, _xlfn.AGGREGATE(15, 6, ROW(Kintoneデータ抽出!$K$2:$K$5000) / ((Kintoneデータ抽出!$K$2:$K$5000="小規模") + (Kintoneデータ抽出!$K$2:$K$5000="認可")), ROW(A14))))&"年" &MONTH(INDEX(Kintoneデータ抽出!E:E, _xlfn.AGGREGATE(15, 6, ROW(Kintoneデータ抽出!$K$2:$K$5000) / ((Kintoneデータ抽出!$K$2:$K$5000="小規模") + (Kintoneデータ抽出!$K$2:$K$5000="認可")), ROW(A14))))&"月" &DAY(INDEX(Kintoneデータ抽出!E:E, _xlfn.AGGREGATE(15, 6, ROW(Kintoneデータ抽出!$K$2:$K$5000) / ((Kintoneデータ抽出!$K$2:$K$5000="小規模") + (Kintoneデータ抽出!$K$2:$K$5000="認可")), ROW(A14))))&"日",""), "")} | K25: {=IFERROR(IF(INDEX(Kintoneデータ抽出!F:F, _xlfn.AGGREGATE(15, 6, ROW(Kintoneデータ抽出!$K$2:$K$5000) / ((Kintoneデータ抽出!$K$2:$K$5000="小規模") + (Kintoneデータ抽出!$K$2:$K$5000="認可")), ROW(A14)))<>"", VLOOKUP(INDEX(Kintoneデータ抽出!F:F, _xlfn.AGGREGATE(15, 6, ROW(Kintoneデータ抽出!$K$2:$K$5000) / ((Kintoneデータ抽出!$K$2:$K$5000="小規模") + (Kintoneデータ抽出!$K$2:$K$5000="認可")), ROW(A14))),基本開園日の表記!$A$2:$B$13,2,FALSE),""), "")} | L25: {=IFERROR(IF(INDEX(Kintoneデータ抽出!F:F, _xlfn.AGGREGATE(15, 6, ROW(Kintoneデータ抽出!$K$2:$K$5000) / ((Kintoneデータ抽出!$K$2:$K$5000="小規模") + (Kintoneデータ抽出!$K$2:$K$5000="認可")), ROW(A14)))<>"", IF(COUNTIF(INDEX(Kintoneデータ抽出!F:F, _xlfn.AGGREGATE(15, 6, ROW(Kintoneデータ抽出!$K$2:$K$5000) / ((Kintoneデータ抽出!$K$2:$K$5000="小規模") + (Kintoneデータ抽出!$K$2:$K$5000="認可")), ROW(A14))),"*あり*"),"夜間",""),""), "")} | M25: {=IFERROR(IF(INDEX(Kintoneデータ抽出!I:I, _xlfn.AGGREGATE(15, 6, ROW(Kintoneデータ抽出!$K$2:$K$5000) / ((Kintoneデータ抽出!$K$2:$K$5000="小規模") + (Kintoneデータ抽出!$K$2:$K$5000="認可")), ROW(A14)))<>"", IF(COUNTIF(INDEX(Kintoneデータ抽出!I:I, _xlfn.AGGREGATE(15, 6, ROW(Kintoneデータ抽出!$K$2:$K$5000) / ((Kintoneデータ抽出!$K$2:$K$5000="小規模") + (Kintoneデータ抽出!$K$2:$K$5000="認可")), ROW(A14))),"*あり*"),"学童",""),""), "")} | N25: {=IFERROR(IF(INDEX(Kintoneデータ抽出!H:H, _xlfn.AGGREGATE(15, 6, ROW(Kintoneデータ抽出!$K$2:$K$5000) / ((Kintoneデータ抽出!$K$2:$K$5000="小規模") + (Kintoneデータ抽出!$K$2:$K$5000="認可")), ROW(A14)))<>"", IF(COUNTIF(INDEX(Kintoneデータ抽出!H:H, _xlfn.AGGREGATE(15, 6, ROW(Kintoneデータ抽出!$K$2:$K$5000) / ((Kintoneデータ抽出!$K$2:$K$5000="小規模") + (Kintoneデータ抽出!$K$2:$K$5000="認可")), ROW(A14))),"*あり*"),"病児",""),""), "")} | O25: {=IFERROR( IF(INDEX(Kintoneデータ抽出!M:M, _xlfn.AGGREGATE(15, 6, ROW(Kintoneデータ抽出!$K$2:$K$5000) / ((Kintoneデータ抽出!$K$2:$K$5000="小規模") + (Kintoneデータ抽出!$K$2:$K$5000="認可")), ROW(A14)))<>0,INDEX(Kintoneデータ抽出!M:M, _xlfn.AGGREGATE(15, 6, ROW(Kintoneデータ抽出!$K$2:$K$5000) / ((Kintoneデータ抽出!$K$2:$K$5000="小規模") + (Kintoneデータ抽出!$K$2:$K$5000="認可")), ROW(A14))),""), "")} | P25: {=IFERROR(IF(INDEX(Kintoneデータ抽出!L:L, _xlfn.AGGREGATE(15, 6, ROW(Kintoneデータ抽出!$K$2:$K$5000) / ((Kintoneデータ抽出!$K$2:$K$5000="院内")), ROW(A14)))<>"", IF(COUNTIF(INDEX(Kintoneデータ抽出!L:L, _xlfn.AGGREGATE(15, 6, ROW(Kintoneデータ抽出!$K$2:$K$5000) / ((Kintoneデータ抽出!$K$2:$K$5000="院内")), ROW(A14))),"*企業主導型以外*"),"", IF(COUNTIF(INDEX(Kintoneデータ抽出!L:L, _xlfn.AGGREGATE(15, 6, ROW(Kintoneデータ抽出!$K$2:$K$5000) / ((Kintoneデータ抽出!$K$2:$K$5000="院内")), ROW(A14))),"*その他*"),"", IF(COUNTIF(INDEX(Kintoneデータ抽出!L:L, _xlfn.AGGREGATE(15, 6, ROW(Kintoneデータ抽出!$K$2:$K$5000) / ((Kintoneデータ抽出!$K$2:$K$5000="院内")), ROW(A14))),"*新制度*"),"新制度","企業主導型"))),""), "")}
D26: =IF(H26<>"",D25+1,"") | F26: {=IFERROR(INDEX(Kintoneデータ抽出!A:A, _xlfn.AGGREGATE(15, 6, ROW(Kintoneデータ抽出!$K$2:$K$5000) / ((Kintoneデータ抽出!$K$2:$K$5000="小規模") + (Kintoneデータ抽出!$K$2:$K$5000="認可")), ROW(A15))), "")} | G26: {=IFERROR(INDEX(Kintoneデータ抽出!D:D, _xlfn.AGGREGATE(15, 6, ROW(Kintoneデータ抽出!$K$2:$K$5000) / ((Kintoneデータ抽出!$K$2:$K$5000="小規模") + (Kintoneデータ抽出!$K$2:$K$5000="認可")), ROW(A15))), "")} | H26: {=IFERROR(INDEX(Kintoneデータ抽出!C:C, _xlfn.AGGREGATE(15, 6, ROW(Kintoneデータ抽出!$K$2:$K$5000) / ((Kintoneデータ抽出!$K$2:$K$5000="小規模") + (Kintoneデータ抽出!$K$2:$K$5000="認可")), ROW(A15))), "")} | I26: {=IFERROR(IF(INDEX(Kintoneデータ抽出!G:G, _xlfn.AGGREGATE(15, 6, ROW(Kintoneデータ抽出!$K$2:$K$5000) / ((Kintoneデータ抽出!$K$2:$K$5000="小規模") + (Kintoneデータ抽出!$K$2:$K$5000="認可")), ROW(A15)))<>"",INDEX(Kintoneデータ抽出!G:G, _xlfn.AGGREGATE(15, 6, ROW(Kintoneデータ抽出!$K$2:$K$5000) / ((Kintoneデータ抽出!$K$2:$K$5000="小規模") + (Kintoneデータ抽出!$K$2:$K$5000="認可")), ROW(A15)))&"名",""), "")} | J26: {=IFERROR(IF(INDEX(Kintoneデータ抽出!E:E, _xlfn.AGGREGATE(15, 6, ROW(Kintoneデータ抽出!$K$2:$K$5000) / ((Kintoneデータ抽出!$K$2:$K$5000="小規模") + (Kintoneデータ抽出!$K$2:$K$5000="認可")), ROW(A15)))<>"", YEAR(INDEX(Kintoneデータ抽出!E:E, _xlfn.AGGREGATE(15, 6, ROW(Kintoneデータ抽出!$K$2:$K$5000) / ((Kintoneデータ抽出!$K$2:$K$5000="小規模") + (Kintoneデータ抽出!$K$2:$K$5000="認可")), ROW(A15))))&"年" &MONTH(INDEX(Kintoneデータ抽出!E:E, _xlfn.AGGREGATE(15, 6, ROW(Kintoneデータ抽出!$K$2:$K$5000) / ((Kintoneデータ抽出!$K$2:$K$5000="小規模") + (Kintoneデータ抽出!$K$2:$K$5000="認可")), ROW(A15))))&"月" &DAY(INDEX(Kintoneデータ抽出!E:E, _xlfn.AGGREGATE(15, 6, ROW(Kintoneデータ抽出!$K$2:$K$5000) / ((Kintoneデータ抽出!$K$2:$K$5000="小規模") + (Kintoneデータ抽出!$K$2:$K$5000="認可")), ROW(A15))))&"日",""), "")} | K26: {=IFERROR(IF(INDEX(Kintoneデータ抽出!F:F, _xlfn.AGGREGATE(15, 6, ROW(Kintoneデータ抽出!$K$2:$K$5000) / ((Kintoneデータ抽出!$K$2:$K$5000="小規模") + (Kintoneデータ抽出!$K$2:$K$5000="認可")), ROW(A15)))<>"", VLOOKUP(INDEX(Kintoneデータ抽出!F:F, _xlfn.AGGREGATE(15, 6, ROW(Kintoneデータ抽出!$K$2:$K$5000) / ((Kintoneデータ抽出!$K$2:$K$5000="小規模") + (Kintoneデータ抽出!$K$2:$K$5000="認可")), ROW(A15))),基本開園日の表記!$A$2:$B$13,2,FALSE),""), "")} | L26: {=IFERROR(IF(INDEX(Kintoneデータ抽出!F:F, _xlfn.AGGREGATE(15, 6, ROW(Kintoneデータ抽出!$K$2:$K$5000) / ((Kintoneデータ抽出!$K$2:$K$5000="小規模") + (Kintoneデータ抽出!$K$2:$K$5000="認可")), ROW(A15)))<>"", IF(COUNTIF(INDEX(Kintoneデータ抽出!F:F, _xlfn.AGGREGATE(15, 6, ROW(Kintoneデータ抽出!$K$2:$K$5000) / ((Kintoneデータ抽出!$K$2:$K$5000="小規模") + (Kintoneデータ抽出!$K$2:$K$5000="認可")), ROW(A15))),"*あり*"),"夜間",""),""), "")} | M26: {=IFERROR(IF(INDEX(Kintoneデータ抽出!I:I, _xlfn.AGGREGATE(15, 6, ROW(Kintoneデータ抽出!$K$2:$K$5000) / ((Kintoneデータ抽出!$K$2:$K$5000="小規模") + (Kintoneデータ抽出!$K$2:$K$5000="認可")), ROW(A15)))<>"", IF(COUNTIF(INDEX(Kintoneデータ抽出!I:I, _xlfn.AGGREGATE(15, 6, ROW(Kintoneデータ抽出!$K$2:$K$5000) / ((Kintoneデータ抽出!$K$2:$K$5000="小規模") + (Kintoneデータ抽出!$K$2:$K$5000="認可")), ROW(A15))),"*あり*"),"学童",""),""), "")} | N26: {=IFERROR(IF(INDEX(Kintoneデータ抽出!H:H, _xlfn.AGGREGATE(15, 6, ROW(Kintoneデータ抽出!$K$2:$K$5000) / ((Kintoneデータ抽出!$K$2:$K$5000="小規模") + (Kintoneデータ抽出!$K$2:$K$5000="認可")), ROW(A15)))<>"", IF(COUNTIF(INDEX(Kintoneデータ抽出!H:H, _xlfn.AGGREGATE(15, 6, ROW(Kintoneデータ抽出!$K$2:$K$5000) / ((Kintoneデータ抽出!$K$2:$K$5000="小規模") + (Kintoneデータ抽出!$K$2:$K$5000="認可")), ROW(A15))),"*あり*"),"病児",""),""), "")} | O26: {=IFERROR( IF(INDEX(Kintoneデータ抽出!M:M, _xlfn.AGGREGATE(15, 6, ROW(Kintoneデータ抽出!$K$2:$K$5000) / ((Kintoneデータ抽出!$K$2:$K$5000="小規模") + (Kintoneデータ抽出!$K$2:$K$5000="認可")), ROW(A15)))<>0,INDEX(Kintoneデータ抽出!M:M, _xlfn.AGGREGATE(15, 6, ROW(Kintoneデータ抽出!$K$2:$K$5000) / ((Kintoneデータ抽出!$K$2:$K$5000="小規模") + (Kintoneデータ抽出!$K$2:$K$5000="認可")), ROW(A15))),""), "")} | P26: {=IFERROR(IF(INDEX(Kintoneデータ抽出!L:L, _xlfn.AGGREGATE(15, 6, ROW(Kintoneデータ抽出!$K$2:$K$5000) / ((Kintoneデータ抽出!$K$2:$K$5000="院内")), ROW(A15)))<>"", IF(COUNTIF(INDEX(Kintoneデータ抽出!L:L, _xlfn.AGGREGATE(15, 6, ROW(Kintoneデータ抽出!$K$2:$K$5000) / ((Kintoneデータ抽出!$K$2:$K$5000="院内")), ROW(A15))),"*企業主導型以外*"),"", IF(COUNTIF(INDEX(Kintoneデータ抽出!L:L, _xlfn.AGGREGATE(15, 6, ROW(Kintoneデータ抽出!$K$2:$K$5000) / ((Kintoneデータ抽出!$K$2:$K$5000="院内")), ROW(A15))),"*その他*"),"", IF(COUNTIF(INDEX(Kintoneデータ抽出!L:L, _xlfn.AGGREGATE(15, 6, ROW(Kintoneデータ抽出!$K$2:$K$5000) / ((Kintoneデータ抽出!$K$2:$K$5000="院内")), ROW(A15))),"*新制度*"),"新制度","企業主導型"))),""), "")}
D27: =IF(H27<>"",D26+1,"") | F27: {=IFERROR(INDEX(Kintoneデータ抽出!A:A, _xlfn.AGGREGATE(15, 6, ROW(Kintoneデータ抽出!$K$2:$K$5000) / ((Kintoneデータ抽出!$K$2:$K$5000="小規模") + (Kintoneデータ抽出!$K$2:$K$5000="認可")), ROW(A16))), "")} | G27: {=IFERROR(INDEX(Kintoneデータ抽出!D:D, _xlfn.AGGREGATE(15, 6, ROW(Kintoneデータ抽出!$K$2:$K$5000) / ((Kintoneデータ抽出!$K$2:$K$5000="小規模") + (Kintoneデータ抽出!$K$2:$K$5000="認可")), ROW(A16))), "")} | H27: {=IFERROR(INDEX(Kintoneデータ抽出!C:C, _xlfn.AGGREGATE(15, 6, ROW(Kintoneデータ抽出!$K$2:$K$5000) / ((Kintoneデータ抽出!$K$2:$K$5000="小規模") + (Kintoneデータ抽出!$K$2:$K$5000="認可")), ROW(A16))), "")} | I27: {=IFERROR(IF(INDEX(Kintoneデータ抽出!G:G, _xlfn.AGGREGATE(15, 6, ROW(Kintoneデータ抽出!$K$2:$K$5000) / ((Kintoneデータ抽出!$K$2:$K$5000="小規模") + (Kintoneデータ抽出!$K$2:$K$5000="認可")), ROW(A16)))<>"",INDEX(Kintoneデータ抽出!G:G, _xlfn.AGGREGATE(15, 6, ROW(Kintoneデータ抽出!$K$2:$K$5000) / ((Kintoneデータ抽出!$K$2:$K$5000="小規模") + (Kintoneデータ抽出!$K$2:$K$5000="認可")), ROW(A16)))&"名",""), "")} | J27: {=IFERROR(IF(INDEX(Kintoneデータ抽出!E:E, _xlfn.AGGREGATE(15, 6, ROW(Kintoneデータ抽出!$K$2:$K$5000) / ((Kintoneデータ抽出!$K$2:$K$5000="小規模") + (Kintoneデータ抽出!$K$2:$K$5000="認可")), ROW(A16)))<>"", YEAR(INDEX(Kintoneデータ抽出!E:E, _xlfn.AGGREGATE(15, 6, ROW(Kintoneデータ抽出!$K$2:$K$5000) / ((Kintoneデータ抽出!$K$2:$K$5000="小規模") + (Kintoneデータ抽出!$K$2:$K$5000="認可")), ROW(A16))))&"年" &MONTH(INDEX(Kintoneデータ抽出!E:E, _xlfn.AGGREGATE(15, 6, ROW(Kintoneデータ抽出!$K$2:$K$5000) / ((Kintoneデータ抽出!$K$2:$K$5000="小規模") + (Kintoneデータ抽出!$K$2:$K$5000="認可")), ROW(A16))))&"月" &DAY(INDEX(Kintoneデータ抽出!E:E, _xlfn.AGGREGATE(15, 6, ROW(Kintoneデータ抽出!$K$2:$K$5000) / ((Kintoneデータ抽出!$K$2:$K$5000="小規模") + (Kintoneデータ抽出!$K$2:$K$5000="認可")), ROW(A16))))&"日",""), "")} | K27: {=IFERROR(IF(INDEX(Kintoneデータ抽出!F:F, _xlfn.AGGREGATE(15, 6, ROW(Kintoneデータ抽出!$K$2:$K$5000) / ((Kintoneデータ抽出!$K$2:$K$5000="小規模") + (Kintoneデータ抽出!$K$2:$K$5000="認可")), ROW(A16)))<>"", VLOOKUP(INDEX(Kintoneデータ抽出!F:F, _xlfn.AGGREGATE(15, 6, ROW(Kintoneデータ抽出!$K$2:$K$5000) / ((Kintoneデータ抽出!$K$2:$K$5000="小規模") + (Kintoneデータ抽出!$K$2:$K$5000="認可")), ROW(A16))),基本開園日の表記!$A$2:$B$13,2,FALSE),""), "")} | L27: {=IFERROR(IF(INDEX(Kintoneデータ抽出!F:F, _xlfn.AGGREGATE(15, 6, ROW(Kintoneデータ抽出!$K$2:$K$5000) / ((Kintoneデータ抽出!$K$2:$K$5000="小規模") + (Kintoneデータ抽出!$K$2:$K$5000="認可")), ROW(A16)))<>"", IF(COUNTIF(INDEX(Kintoneデータ抽出!F:F, _xlfn.AGGREGATE(15, 6, ROW(Kintoneデータ抽出!$K$2:$K$5000) / ((Kintoneデータ抽出!$K$2:$K$5000="小規模") + (Kintoneデータ抽出!$K$2:$K$5000="認可")), ROW(A16))),"*あり*"),"夜間",""),""), "")} | M27: {=IFERROR(IF(INDEX(Kintoneデータ抽出!I:I, _xlfn.AGGREGATE(15, 6, ROW(Kintoneデータ抽出!$K$2:$K$5000) / ((Kintoneデータ抽出!$K$2:$K$5000="小規模") + (Kintoneデータ抽出!$K$2:$K$5000="認可")), ROW(A16)))<>"", IF(COUNTIF(INDEX(Kintoneデータ抽出!I:I, _xlfn.AGGREGATE(15, 6, ROW(Kintoneデータ抽出!$K$2:$K$5000) / ((Kintoneデータ抽出!$K$2:$K$5000="小規模") + (Kintoneデータ抽出!$K$2:$K$5000="認可")), ROW(A16))),"*あり*"),"学童",""),""), "")} | N27: {=IFERROR(IF(INDEX(Kintoneデータ抽出!H:H, _xlfn.AGGREGATE(15, 6, ROW(Kintoneデータ抽出!$K$2:$K$5000) / ((Kintoneデータ抽出!$K$2:$K$5000="小規模") + (Kintoneデータ抽出!$K$2:$K$5000="認可")), ROW(A16)))<>"", IF(COUNTIF(INDEX(Kintoneデータ抽出!H:H, _xlfn.AGGREGATE(15, 6, ROW(Kintoneデータ抽出!$K$2:$K$5000) / ((Kintoneデータ抽出!$K$2:$K$5000="小規模") + (Kintoneデータ抽出!$K$2:$K$5000="認可")), ROW(A16))),"*あり*"),"病児",""),""), "")} | O27: {=IFERROR( IF(INDEX(Kintoneデータ抽出!M:M, _xlfn.AGGREGATE(15, 6, ROW(Kintoneデータ抽出!$K$2:$K$5000) / ((Kintoneデータ抽出!$K$2:$K$5000="小規模") + (Kintoneデータ抽出!$K$2:$K$5000="認可")), ROW(A16)))<>0,INDEX(Kintoneデータ抽出!M:M, _xlfn.AGGREGATE(15, 6, ROW(Kintoneデータ抽出!$K$2:$K$5000) / ((Kintoneデータ抽出!$K$2:$K$5000="小規模") + (Kintoneデータ抽出!$K$2:$K$5000="認可")), ROW(A16))),""), "")} | P27: {=IFERROR(IF(INDEX(Kintoneデータ抽出!L:L, _xlfn.AGGREGATE(15, 6, ROW(Kintoneデータ抽出!$K$2:$K$5000) / ((Kintoneデータ抽出!$K$2:$K$5000="院内")), ROW(A16)))<>"", IF(COUNTIF(INDEX(Kintoneデータ抽出!L:L, _xlfn.AGGREGATE(15, 6, ROW(Kintoneデータ抽出!$K$2:$K$5000) / ((Kintoneデータ抽出!$K$2:$K$5000="院内")), ROW(A16))),"*企業主導型以外*"),"", IF(COUNTIF(INDEX(Kintoneデータ抽出!L:L, _xlfn.AGGREGATE(15, 6, ROW(Kintoneデータ抽出!$K$2:$K$5000) / ((Kintoneデータ抽出!$K$2:$K$5000="院内")), ROW(A16))),"*その他*"),"", IF(COUNTIF(INDEX(Kintoneデータ抽出!L:L, _xlfn.AGGREGATE(15, 6, ROW(Kintoneデータ抽出!$K$2:$K$5000) / ((Kintoneデータ抽出!$K$2:$K$5000="院内")), ROW(A16))),"*新制度*"),"新制度","企業主導型"))),""), "")}
D28: =IF(H28<>"",D27+1,"") | F28: {=IFERROR(INDEX(Kintoneデータ抽出!A:A, _xlfn.AGGREGATE(15, 6, ROW(Kintoneデータ抽出!$K$2:$K$5000) / ((Kintoneデータ抽出!$K$2:$K$5000="小規模") + (Kintoneデータ抽出!$K$2:$K$5000="認可")), ROW(A17))), "")} | G28: {=IFERROR(INDEX(Kintoneデータ抽出!D:D, _xlfn.AGGREGATE(15, 6, ROW(Kintoneデータ抽出!$K$2:$K$5000) / ((Kintoneデータ抽出!$K$2:$K$5000="小規模") + (Kintoneデータ抽出!$K$2:$K$5000="認可")), ROW(A17))), "")} | H28: {=IFERROR(INDEX(Kintoneデータ抽出!C:C, _xlfn.AGGREGATE(15, 6, ROW(Kintoneデータ抽出!$K$2:$K$5000) / ((Kintoneデータ抽出!$K$2:$K$5000="小規模") + (Kintoneデータ抽出!$K$2:$K$5000="認可")), ROW(A17))), "")} | I28: {=IFERROR(IF(INDEX(Kintoneデータ抽出!G:G, _xlfn.AGGREGATE(15, 6, ROW(Kintoneデータ抽出!$K$2:$K$5000) / ((Kintoneデータ抽出!$K$2:$K$5000="小規模") + (Kintoneデータ抽出!$K$2:$K$5000="認可")), ROW(A17)))<>"",INDEX(Kintoneデータ抽出!G:G, _xlfn.AGGREGATE(15, 6, ROW(Kintoneデータ抽出!$K$2:$K$5000) / ((Kintoneデータ抽出!$K$2:$K$5000="小規模") + (Kintoneデータ抽出!$K$2:$K$5000="認可")), ROW(A17)))&"名",""), "")} | J28: {=IFERROR(IF(INDEX(Kintoneデータ抽出!E:E, _xlfn.AGGREGATE(15, 6, ROW(Kintoneデータ抽出!$K$2:$K$5000) / ((Kintoneデータ抽出!$K$2:$K$5000="小規模") + (Kintoneデータ抽出!$K$2:$K$5000="認可")), ROW(A17)))<>"", YEAR(INDEX(Kintoneデータ抽出!E:E, _xlfn.AGGREGATE(15, 6, ROW(Kintoneデータ抽出!$K$2:$K$5000) / ((Kintoneデータ抽出!$K$2:$K$5000="小規模") + (Kintoneデータ抽出!$K$2:$K$5000="認可")), ROW(A17))))&"年" &MONTH(INDEX(Kintoneデータ抽出!E:E, _xlfn.AGGREGATE(15, 6, ROW(Kintoneデータ抽出!$K$2:$K$5000) / ((Kintoneデータ抽出!$K$2:$K$5000="小規模") + (Kintoneデータ抽出!$K$2:$K$5000="認可")), ROW(A17))))&"月" &DAY(INDEX(Kintoneデータ抽出!E:E, _xlfn.AGGREGATE(15, 6, ROW(Kintoneデータ抽出!$K$2:$K$5000) / ((Kintoneデータ抽出!$K$2:$K$5000="小規模") + (Kintoneデータ抽出!$K$2:$K$5000="認可")), ROW(A17))))&"日",""), "")} | K28: {=IFERROR(IF(INDEX(Kintoneデータ抽出!F:F, _xlfn.AGGREGATE(15, 6, ROW(Kintoneデータ抽出!$K$2:$K$5000) / ((Kintoneデータ抽出!$K$2:$K$5000="小規模") + (Kintoneデータ抽出!$K$2:$K$5000="認可")), ROW(A17)))<>"", VLOOKUP(INDEX(Kintoneデータ抽出!F:F, _xlfn.AGGREGATE(15, 6, ROW(Kintoneデータ抽出!$K$2:$K$5000) / ((Kintoneデータ抽出!$K$2:$K$5000="小規模") + (Kintoneデータ抽出!$K$2:$K$5000="認可")), ROW(A17))),基本開園日の表記!$A$2:$B$13,2,FALSE),""), "")} | L28: {=IFERROR(IF(INDEX(Kintoneデータ抽出!F:F, _xlfn.AGGREGATE(15, 6, ROW(Kintoneデータ抽出!$K$2:$K$5000) / ((Kintoneデータ抽出!$K$2:$K$5000="小規模") + (Kintoneデータ抽出!$K$2:$K$5000="認可")), ROW(A17)))<>"", IF(COUNTIF(INDEX(Kintoneデータ抽出!F:F, _xlfn.AGGREGATE(15, 6, ROW(Kintoneデータ抽出!$K$2:$K$5000) / ((Kintoneデータ抽出!$K$2:$K$5000="小規模") + (Kintoneデータ抽出!$K$2:$K$5000="認可")), ROW(A17))),"*あり*"),"夜間",""),""), "")} | M28: {=IFERROR(IF(INDEX(Kintoneデータ抽出!I:I, _xlfn.AGGREGATE(15, 6, ROW(Kintoneデータ抽出!$K$2:$K$5000) / ((Kintoneデータ抽出!$K$2:$K$5000="小規模") + (Kintoneデータ抽出!$K$2:$K$5000="認可")), ROW(A17)))<>"", IF(COUNTIF(INDEX(Kintoneデータ抽出!I:I, _xlfn.AGGREGATE(15, 6, ROW(Kintoneデータ抽出!$K$2:$K$5000) / ((Kintoneデータ抽出!$K$2:$K$5000="小規模") + (Kintoneデータ抽出!$K$2:$K$5000="認可")), ROW(A17))),"*あり*"),"学童",""),""), "")} | N28: {=IFERROR(IF(INDEX(Kintoneデータ抽出!H:H, _xlfn.AGGREGATE(15, 6, ROW(Kintoneデータ抽出!$K$2:$K$5000) / ((Kintoneデータ抽出!$K$2:$K$5000="小規模") + (Kintoneデータ抽出!$K$2:$K$5000="認可")), ROW(A17)))<>"", IF(COUNTIF(INDEX(Kintoneデータ抽出!H:H, _xlfn.AGGREGATE(15, 6, ROW(Kintoneデータ抽出!$K$2:$K$5000) / ((Kintoneデータ抽出!$K$2:$K$5000="小規模") + (Kintoneデータ抽出!$K$2:$K$5000="認可")), ROW(A17))),"*あり*"),"病児",""),""), "")} | O28: {=IFERROR( IF(INDEX(Kintoneデータ抽出!M:M, _xlfn.AGGREGATE(15, 6, ROW(Kintoneデータ抽出!$K$2:$K$5000) / ((Kintoneデータ抽出!$K$2:$K$5000="小規模") + (Kintoneデータ抽出!$K$2:$K$5000="認可")), ROW(A17)))<>0,INDEX(Kintoneデータ抽出!M:M, _xlfn.AGGREGATE(15, 6, ROW(Kintoneデータ抽出!$K$2:$K$5000) / ((Kintoneデータ抽出!$K$2:$K$5000="小規模") + (Kintoneデータ抽出!$K$2:$K$5000="認可")), ROW(A17))),""), "")} | P28: {=IFERROR(IF(INDEX(Kintoneデータ抽出!L:L, _xlfn.AGGREGATE(15, 6, ROW(Kintoneデータ抽出!$K$2:$K$5000) / ((Kintoneデータ抽出!$K$2:$K$5000="院内")), ROW(A17)))<>"", IF(COUNTIF(INDEX(Kintoneデータ抽出!L:L, _xlfn.AGGREGATE(15, 6, ROW(Kintoneデータ抽出!$K$2:$K$5000) / ((Kintoneデータ抽出!$K$2:$K$5000="院内")), ROW(A17))),"*企業主導型以外*"),"", IF(COUNTIF(INDEX(Kintoneデータ抽出!L:L, _xlfn.AGGREGATE(15, 6, ROW(Kintoneデータ抽出!$K$2:$K$5000) / ((Kintoneデータ抽出!$K$2:$K$5000="院内")), ROW(A17))),"*その他*"),"", IF(COUNTIF(INDEX(Kintoneデータ抽出!L:L, _xlfn.AGGREGATE(15, 6, ROW(Kintoneデータ抽出!$K$2:$K$5000) / ((Kintoneデータ抽出!$K$2:$K$5000="院内")), ROW(A17))),"*新制度*"),"新制度","企業主導型"))),""), "")}
D29: =IF(H29<>"",D28+1,"") | F29: {=IFERROR(INDEX(Kintoneデータ抽出!A:A, _xlfn.AGGREGATE(15, 6, ROW(Kintoneデータ抽出!$K$2:$K$5000) / ((Kintoneデータ抽出!$K$2:$K$5000="小規模") + (Kintoneデータ抽出!$K$2:$K$5000="認可")), ROW(A18))), "")} | G29: {=IFERROR(INDEX(Kintoneデータ抽出!D:D, _xlfn.AGGREGATE(15, 6, ROW(Kintoneデータ抽出!$K$2:$K$5000) / ((Kintoneデータ抽出!$K$2:$K$5000="小規模") + (Kintoneデータ抽出!$K$2:$K$5000="認可")), ROW(A18))), "")} | H29: {=IFERROR(INDEX(Kintoneデータ抽出!C:C, _xlfn.AGGREGATE(15, 6, ROW(Kintoneデータ抽出!$K$2:$K$5000) / ((Kintoneデータ抽出!$K$2:$K$5000="小規模") + (Kintoneデータ抽出!$K$2:$K$5000="認可")), ROW(A18))), "")} | I29: {=IFERROR(IF(INDEX(Kintoneデータ抽出!G:G, _xlfn.AGGREGATE(15, 6, ROW(Kintoneデータ抽出!$K$2:$K$5000) / ((Kintoneデータ抽出!$K$2:$K$5000="小規模") + (Kintoneデータ抽出!$K$2:$K$5000="認可")), ROW(A18)))<>"",INDEX(Kintoneデータ抽出!G:G, _xlfn.AGGREGATE(15, 6, ROW(Kintoneデータ抽出!$K$2:$K$5000) / ((Kintoneデータ抽出!$K$2:$K$5000="小規模") + (Kintoneデータ抽出!$K$2:$K$5000="認可")), ROW(A18)))&"名",""), "")} | J29: {=IFERROR(IF(INDEX(Kintoneデータ抽出!E:E, _xlfn.AGGREGATE(15, 6, ROW(Kintoneデータ抽出!$K$2:$K$5000) / ((Kintoneデータ抽出!$K$2:$K$5000="小規模") + (Kintoneデータ抽出!$K$2:$K$5000="認可")), ROW(A18)))<>"", YEAR(INDEX(Kintoneデータ抽出!E:E, _xlfn.AGGREGATE(15, 6, ROW(Kintoneデータ抽出!$K$2:$K$5000) / ((Kintoneデータ抽出!$K$2:$K$5000="小規模") + (Kintoneデータ抽出!$K$2:$K$5000="認可")), ROW(A18))))&"年" &MONTH(INDEX(Kintoneデータ抽出!E:E, _xlfn.AGGREGATE(15, 6, ROW(Kintoneデータ抽出!$K$2:$K$5000) / ((Kintoneデータ抽出!$K$2:$K$5000="小規模") + (Kintoneデータ抽出!$K$2:$K$5000="認可")), ROW(A18))))&"月" &DAY(INDEX(Kintoneデータ抽出!E:E, _xlfn.AGGREGATE(15, 6, ROW(Kintoneデータ抽出!$K$2:$K$5000) / ((Kintoneデータ抽出!$K$2:$K$5000="小規模") + (Kintoneデータ抽出!$K$2:$K$5000="認可")), ROW(A18))))&"日",""), "")} | K29: {=IFERROR(IF(INDEX(Kintoneデータ抽出!F:F, _xlfn.AGGREGATE(15, 6, ROW(Kintoneデータ抽出!$K$2:$K$5000) / ((Kintoneデータ抽出!$K$2:$K$5000="小規模") + (Kintoneデータ抽出!$K$2:$K$5000="認可")), ROW(A18)))<>"", VLOOKUP(INDEX(Kintoneデータ抽出!F:F, _xlfn.AGGREGATE(15, 6, ROW(Kintoneデータ抽出!$K$2:$K$5000) / ((Kintoneデータ抽出!$K$2:$K$5000="小規模") + (Kintoneデータ抽出!$K$2:$K$5000="認可")), ROW(A18))),基本開園日の表記!$A$2:$B$13,2,FALSE),""), "")} | L29: {=IFERROR(IF(INDEX(Kintoneデータ抽出!F:F, _xlfn.AGGREGATE(15, 6, ROW(Kintoneデータ抽出!$K$2:$K$5000) / ((Kintoneデータ抽出!$K$2:$K$5000="小規模") + (Kintoneデータ抽出!$K$2:$K$5000="認可")), ROW(A18)))<>"", IF(COUNTIF(INDEX(Kintoneデータ抽出!F:F, _xlfn.AGGREGATE(15, 6, ROW(Kintoneデータ抽出!$K$2:$K$5000) / ((Kintoneデータ抽出!$K$2:$K$5000="小規模") + (Kintoneデータ抽出!$K$2:$K$5000="認可")), ROW(A18))),"*あり*"),"夜間",""),""), "")} | M29: {=IFERROR(IF(INDEX(Kintoneデータ抽出!I:I, _xlfn.AGGREGATE(15, 6, ROW(Kintoneデータ抽出!$K$2:$K$5000) / ((Kintoneデータ抽出!$K$2:$K$5000="小規模") + (Kintoneデータ抽出!$K$2:$K$5000="認可")), ROW(A18)))<>"", IF(COUNTIF(INDEX(Kintoneデータ抽出!I:I, _xlfn.AGGREGATE(15, 6, ROW(Kintoneデータ抽出!$K$2:$K$5000) / ((Kintoneデータ抽出!$K$2:$K$5000="小規模") + (Kintoneデータ抽出!$K$2:$K$5000="認可")), ROW(A18))),"*あり*"),"学童",""),""), "")} | N29: {=IFERROR(IF(INDEX(Kintoneデータ抽出!H:H, _xlfn.AGGREGATE(15, 6, ROW(Kintoneデータ抽出!$K$2:$K$5000) / ((Kintoneデータ抽出!$K$2:$K$5000="小規模") + (Kintoneデータ抽出!$K$2:$K$5000="認可")), ROW(A18)))<>"", IF(COUNTIF(INDEX(Kintoneデータ抽出!H:H, _xlfn.AGGREGATE(15, 6, ROW(Kintoneデータ抽出!$K$2:$K$5000) / ((Kintoneデータ抽出!$K$2:$K$5000="小規模") + (Kintoneデータ抽出!$K$2:$K$5000="認可")), ROW(A18))),"*あり*"),"病児",""),""), "")} | O29: {=IFERROR( IF(INDEX(Kintoneデータ抽出!M:M, _xlfn.AGGREGATE(15, 6, ROW(Kintoneデータ抽出!$K$2:$K$5000) / ((Kintoneデータ抽出!$K$2:$K$5000="小規模") + (Kintoneデータ抽出!$K$2:$K$5000="認可")), ROW(A18)))<>0,INDEX(Kintoneデータ抽出!M:M, _xlfn.AGGREGATE(15, 6, ROW(Kintoneデータ抽出!$K$2:$K$5000) / ((Kintoneデータ抽出!$K$2:$K$5000="小規模") + (Kintoneデータ抽出!$K$2:$K$5000="認可")), ROW(A18))),""), "")} | P29: {=IFERROR(IF(INDEX(Kintoneデータ抽出!L:L, _xlfn.AGGREGATE(15, 6, ROW(Kintoneデータ抽出!$K$2:$K$5000) / ((Kintoneデータ抽出!$K$2:$K$5000="院内")), ROW(A18)))<>"", IF(COUNTIF(INDEX(Kintoneデータ抽出!L:L, _xlfn.AGGREGATE(15, 6, ROW(Kintoneデータ抽出!$K$2:$K$5000) / ((Kintoneデータ抽出!$K$2:$K$5000="院内")), ROW(A18))),"*企業主導型以外*"),"", IF(COUNTIF(INDEX(Kintoneデータ抽出!L:L, _xlfn.AGGREGATE(15, 6, ROW(Kintoneデータ抽出!$K$2:$K$5000) / ((Kintoneデータ抽出!$K$2:$K$5000="院内")), ROW(A18))),"*その他*"),"", IF(COUNTIF(INDEX(Kintoneデータ抽出!L:L, _xlfn.AGGREGATE(15, 6, ROW(Kintoneデータ抽出!$K$2:$K$5000) / ((Kintoneデータ抽出!$K$2:$K$5000="院内")), ROW(A18))),"*新制度*"),"新制度","企業主導型"))),""), "")}
D30: =IF(H30<>"",D29+1,"") | F30: {=IFERROR(INDEX(Kintoneデータ抽出!A:A, _xlfn.AGGREGATE(15, 6, ROW(Kintoneデータ抽出!$K$2:$K$5000) / ((Kintoneデータ抽出!$K$2:$K$5000="小規模") + (Kintoneデータ抽出!$K$2:$K$5000="認可")), ROW(A19))), "")} | G30: {=IFERROR(INDEX(Kintoneデータ抽出!D:D, _xlfn.AGGREGATE(15, 6, ROW(Kintoneデータ抽出!$K$2:$K$5000) / ((Kintoneデータ抽出!$K$2:$K$5000="小規模") + (Kintoneデータ抽出!$K$2:$K$5000="認可")), ROW(A19))), "")} | H30: {=IFERROR(INDEX(Kintoneデータ抽出!C:C, _xlfn.AGGREGATE(15, 6, ROW(Kintoneデータ抽出!$K$2:$K$5000) / ((Kintoneデータ抽出!$K$2:$K$5000="小規模") + (Kintoneデータ抽出!$K$2:$K$5000="認可")), ROW(A19))), "")} | I30: {=IFERROR(IF(INDEX(Kintoneデータ抽出!G:G, _xlfn.AGGREGATE(15, 6, ROW(Kintoneデータ抽出!$K$2:$K$5000) / ((Kintoneデータ抽出!$K$2:$K$5000="小規模") + (Kintoneデータ抽出!$K$2:$K$5000="認可")), ROW(A19)))<>"",INDEX(Kintoneデータ抽出!G:G, _xlfn.AGGREGATE(15, 6, ROW(Kintoneデータ抽出!$K$2:$K$5000) / ((Kintoneデータ抽出!$K$2:$K$5000="小規模") + (Kintoneデータ抽出!$K$2:$K$5000="認可")), ROW(A19)))&"名",""), "")} | J30: {=IFERROR(IF(INDEX(Kintoneデータ抽出!E:E, _xlfn.AGGREGATE(15, 6, ROW(Kintoneデータ抽出!$K$2:$K$5000) / ((Kintoneデータ抽出!$K$2:$K$5000="小規模") + (Kintoneデータ抽出!$K$2:$K$5000="認可")), ROW(A19)))<>"", YEAR(INDEX(Kintoneデータ抽出!E:E, _xlfn.AGGREGATE(15, 6, ROW(Kintoneデータ抽出!$K$2:$K$5000) / ((Kintoneデータ抽出!$K$2:$K$5000="小規模") + (Kintoneデータ抽出!$K$2:$K$5000="認可")), ROW(A19))))&"年" &MONTH(INDEX(Kintoneデータ抽出!E:E, _xlfn.AGGREGATE(15, 6, ROW(Kintoneデータ抽出!$K$2:$K$5000) / ((Kintoneデータ抽出!$K$2:$K$5000="小規模") + (Kintoneデータ抽出!$K$2:$K$5000="認可")), ROW(A19))))&"月" &DAY(INDEX(Kintoneデータ抽出!E:E, _xlfn.AGGREGATE(15, 6, ROW(Kintoneデータ抽出!$K$2:$K$5000) / ((Kintoneデータ抽出!$K$2:$K$5000="小規模") + (Kintoneデータ抽出!$K$2:$K$5000="認可")), ROW(A19))))&"日",""), "")} | K30: {=IFERROR(IF(INDEX(Kintoneデータ抽出!F:F, _xlfn.AGGREGATE(15, 6, ROW(Kintoneデータ抽出!$K$2:$K$5000) / ((Kintoneデータ抽出!$K$2:$K$5000="小規模") + (Kintoneデータ抽出!$K$2:$K$5000="認可")), ROW(A19)))<>"", VLOOKUP(INDEX(Kintoneデータ抽出!F:F, _xlfn.AGGREGATE(15, 6, ROW(Kintoneデータ抽出!$K$2:$K$5000) / ((Kintoneデータ抽出!$K$2:$K$5000="小規模") + (Kintoneデータ抽出!$K$2:$K$5000="認可")), ROW(A19))),基本開園日の表記!$A$2:$B$13,2,FALSE),""), "")} | L30: {=IFERROR(IF(INDEX(Kintoneデータ抽出!F:F, _xlfn.AGGREGATE(15, 6, ROW(Kintoneデータ抽出!$K$2:$K$5000) / ((Kintoneデータ抽出!$K$2:$K$5000="小規模") + (Kintoneデータ抽出!$K$2:$K$5000="認可")), ROW(A19)))<>"", IF(COUNTIF(INDEX(Kintoneデータ抽出!F:F, _xlfn.AGGREGATE(15, 6, ROW(Kintoneデータ抽出!$K$2:$K$5000) / ((Kintoneデータ抽出!$K$2:$K$5000="小規模") + (Kintoneデータ抽出!$K$2:$K$5000="認可")), ROW(A19))),"*あり*"),"夜間",""),""), "")} | M30: {=IFERROR(IF(INDEX(Kintoneデータ抽出!I:I, _xlfn.AGGREGATE(15, 6, ROW(Kintoneデータ抽出!$K$2:$K$5000) / ((Kintoneデータ抽出!$K$2:$K$5000="小規模") + (Kintoneデータ抽出!$K$2:$K$5000="認可")), ROW(A19)))<>"", IF(COUNTIF(INDEX(Kintoneデータ抽出!I:I, _xlfn.AGGREGATE(15, 6, ROW(Kintoneデータ抽出!$K$2:$K$5000) / ((Kintoneデータ抽出!$K$2:$K$5000="小規模") + (Kintoneデータ抽出!$K$2:$K$5000="認可")), ROW(A19))),"*あり*"),"学童",""),""), "")} | N30: {=IFERROR(IF(INDEX(Kintoneデータ抽出!H:H, _xlfn.AGGREGATE(15, 6, ROW(Kintoneデータ抽出!$K$2:$K$5000) / ((Kintoneデータ抽出!$K$2:$K$5000="小規模") + (Kintoneデータ抽出!$K$2:$K$5000="認可")), ROW(A19)))<>"", IF(COUNTIF(INDEX(Kintoneデータ抽出!H:H, _xlfn.AGGREGATE(15, 6, ROW(Kintoneデータ抽出!$K$2:$K$5000) / ((Kintoneデータ抽出!$K$2:$K$5000="小規模") + (Kintoneデータ抽出!$K$2:$K$5000="認可")), ROW(A19))),"*あり*"),"病児",""),""), "")} | O30: {=IFERROR( IF(INDEX(Kintoneデータ抽出!M:M, _xlfn.AGGREGATE(15, 6, ROW(Kintoneデータ抽出!$K$2:$K$5000) / ((Kintoneデータ抽出!$K$2:$K$5000="小規模") + (Kintoneデータ抽出!$K$2:$K$5000="認可")), ROW(A19)))<>0,INDEX(Kintoneデータ抽出!M:M, _xlfn.AGGREGATE(15, 6, ROW(Kintoneデータ抽出!$K$2:$K$5000) / ((Kintoneデータ抽出!$K$2:$K$5000="小規模") + (Kintoneデータ抽出!$K$2:$K$5000="認可")), ROW(A19))),""), "")} | P30: {=IFERROR(IF(INDEX(Kintoneデータ抽出!L:L, _xlfn.AGGREGATE(15, 6, ROW(Kintoneデータ抽出!$K$2:$K$5000) / ((Kintoneデータ抽出!$K$2:$K$5000="院内")), ROW(A19)))<>"", IF(COUNTIF(INDEX(Kintoneデータ抽出!L:L, _xlfn.AGGREGATE(15, 6, ROW(Kintoneデータ抽出!$K$2:$K$5000) / ((Kintoneデータ抽出!$K$2:$K$5000="院内")), ROW(A19))),"*企業主導型以外*"),"", IF(COUNTIF(INDEX(Kintoneデータ抽出!L:L, _xlfn.AGGREGATE(15, 6, ROW(Kintoneデータ抽出!$K$2:$K$5000) / ((Kintoneデータ抽出!$K$2:$K$5000="院内")), ROW(A19))),"*その他*"),"", IF(COUNTIF(INDEX(Kintoneデータ抽出!L:L, _xlfn.AGGREGATE(15, 6, ROW(Kintoneデータ抽出!$K$2:$K$5000) / ((Kintoneデータ抽出!$K$2:$K$5000="院内")), ROW(A19))),"*新制度*"),"新制度","企業主導型"))),""), "")}
D31: =IF(H31<>"",D30+1,"") | F31: {=IFERROR(INDEX(Kintoneデータ抽出!A:A, _xlfn.AGGREGATE(15, 6, ROW(Kintoneデータ抽出!$K$2:$K$5000) / ((Kintoneデータ抽出!$K$2:$K$5000="小規模") + (Kintoneデータ抽出!$K$2:$K$5000="認可")), ROW(A20))), "")} | G31: {=IFERROR(INDEX(Kintoneデータ抽出!D:D, _xlfn.AGGREGATE(15, 6, ROW(Kintoneデータ抽出!$K$2:$K$5000) / ((Kintoneデータ抽出!$K$2:$K$5000="小規模") + (Kintoneデータ抽出!$K$2:$K$5000="認可")), ROW(A20))), "")} | H31: {=IFERROR(INDEX(Kintoneデータ抽出!C:C, _xlfn.AGGREGATE(15, 6, ROW(Kintoneデータ抽出!$K$2:$K$5000) / ((Kintoneデータ抽出!$K$2:$K$5000="小規模") + (Kintoneデータ抽出!$K$2:$K$5000="認可")), ROW(A20))), "")} | I31: {=IFERROR(IF(INDEX(Kintoneデータ抽出!G:G, _xlfn.AGGREGATE(15, 6, ROW(Kintoneデータ抽出!$K$2:$K$5000) / ((Kintoneデータ抽出!$K$2:$K$5000="小規模") + (Kintoneデータ抽出!$K$2:$K$5000="認可")), ROW(A20)))<>"",INDEX(Kintoneデータ抽出!G:G, _xlfn.AGGREGATE(15, 6, ROW(Kintoneデータ抽出!$K$2:$K$5000) / ((Kintoneデータ抽出!$K$2:$K$5000="小規模") + (Kintoneデータ抽出!$K$2:$K$5000="認可")), ROW(A20)))&"名",""), "")} | J31: {=IFERROR(IF(INDEX(Kintoneデータ抽出!E:E, _xlfn.AGGREGATE(15, 6, ROW(Kintoneデータ抽出!$K$2:$K$5000) / ((Kintoneデータ抽出!$K$2:$K$5000="小規模") + (Kintoneデータ抽出!$K$2:$K$5000="認可")), ROW(A20)))<>"", YEAR(INDEX(Kintoneデータ抽出!E:E, _xlfn.AGGREGATE(15, 6, ROW(Kintoneデータ抽出!$K$2:$K$5000) / ((Kintoneデータ抽出!$K$2:$K$5000="小規模") + (Kintoneデータ抽出!$K$2:$K$5000="認可")), ROW(A20))))&"年" &MONTH(INDEX(Kintoneデータ抽出!E:E, _xlfn.AGGREGATE(15, 6, ROW(Kintoneデータ抽出!$K$2:$K$5000) / ((Kintoneデータ抽出!$K$2:$K$5000="小規模") + (Kintoneデータ抽出!$K$2:$K$5000="認可")), ROW(A20))))&"月" &DAY(INDEX(Kintoneデータ抽出!E:E, _xlfn.AGGREGATE(15, 6, ROW(Kintoneデータ抽出!$K$2:$K$5000) / ((Kintoneデータ抽出!$K$2:$K$5000="小規模") + (Kintoneデータ抽出!$K$2:$K$5000="認可")), ROW(A20))))&"日",""), "")} | K31: {=IFERROR(IF(INDEX(Kintoneデータ抽出!F:F, _xlfn.AGGREGATE(15, 6, ROW(Kintoneデータ抽出!$K$2:$K$5000) / ((Kintoneデータ抽出!$K$2:$K$5000="小規模") + (Kintoneデータ抽出!$K$2:$K$5000="認可")), ROW(A20)))<>"", VLOOKUP(INDEX(Kintoneデータ抽出!F:F, _xlfn.AGGREGATE(15, 6, ROW(Kintoneデータ抽出!$K$2:$K$5000) / ((Kintoneデータ抽出!$K$2:$K$5000="小規模") + (Kintoneデータ抽出!$K$2:$K$5000="認可")), ROW(A20))),基本開園日の表記!$A$2:$B$13,2,FALSE),""), "")} | L31: {=IFERROR(IF(INDEX(Kintoneデータ抽出!F:F, _xlfn.AGGREGATE(15, 6, ROW(Kintoneデータ抽出!$K$2:$K$5000) / ((Kintoneデータ抽出!$K$2:$K$5000="小規模") + (Kintoneデータ抽出!$K$2:$K$5000="認可")), ROW(A20)))<>"", IF(COUNTIF(INDEX(Kintoneデータ抽出!F:F, _xlfn.AGGREGATE(15, 6, ROW(Kintoneデータ抽出!$K$2:$K$5000) / ((Kintoneデータ抽出!$K$2:$K$5000="小規模") + (Kintoneデータ抽出!$K$2:$K$5000="認可")), ROW(A20))),"*あり*"),"夜間",""),""), "")} | M31: {=IFERROR(IF(INDEX(Kintoneデータ抽出!I:I, _xlfn.AGGREGATE(15, 6, ROW(Kintoneデータ抽出!$K$2:$K$5000) / ((Kintoneデータ抽出!$K$2:$K$5000="小規模") + (Kintoneデータ抽出!$K$2:$K$5000="認可")), ROW(A20)))<>"", IF(COUNTIF(INDEX(Kintoneデータ抽出!I:I, _xlfn.AGGREGATE(15, 6, ROW(Kintoneデータ抽出!$K$2:$K$5000) / ((Kintoneデータ抽出!$K$2:$K$5000="小規模") + (Kintoneデータ抽出!$K$2:$K$5000="認可")), ROW(A20))),"*あり*"),"学童",""),""), "")} | N31: {=IFERROR(IF(INDEX(Kintoneデータ抽出!H:H, _xlfn.AGGREGATE(15, 6, ROW(Kintoneデータ抽出!$K$2:$K$5000) / ((Kintoneデータ抽出!$K$2:$K$5000="小規模") + (Kintoneデータ抽出!$K$2:$K$5000="認可")), ROW(A20)))<>"", IF(COUNTIF(INDEX(Kintoneデータ抽出!H:H, _xlfn.AGGREGATE(15, 6, ROW(Kintoneデータ抽出!$K$2:$K$5000) / ((Kintoneデータ抽出!$K$2:$K$5000="小規模") + (Kintoneデータ抽出!$K$2:$K$5000="認可")), ROW(A20))),"*あり*"),"病児",""),""), "")} | O31: {=IFERROR( IF(INDEX(Kintoneデータ抽出!M:M, _xlfn.AGGREGATE(15, 6, ROW(Kintoneデータ抽出!$K$2:$K$5000) / ((Kintoneデータ抽出!$K$2:$K$5000="小規模") + (Kintoneデータ抽出!$K$2:$K$5000="認可")), ROW(A20)))<>0,INDEX(Kintoneデータ抽出!M:M, _xlfn.AGGREGATE(15, 6, ROW(Kintoneデータ抽出!$K$2:$K$5000) / ((Kintoneデータ抽出!$K$2:$K$5000="小規模") + (Kintoneデータ抽出!$K$2:$K$5000="認可")), ROW(A20))),""), "")} | P31: {=IFERROR(IF(INDEX(Kintoneデータ抽出!L:L, _xlfn.AGGREGATE(15, 6, ROW(Kintoneデータ抽出!$K$2:$K$5000) / ((Kintoneデータ抽出!$K$2:$K$5000="院内")), ROW(A20)))<>"", IF(COUNTIF(INDEX(Kintoneデータ抽出!L:L, _xlfn.AGGREGATE(15, 6, ROW(Kintoneデータ抽出!$K$2:$K$5000) / ((Kintoneデータ抽出!$K$2:$K$5000="院内")), ROW(A20))),"*企業主導型以外*"),"", IF(COUNTIF(INDEX(Kintoneデータ抽出!L:L, _xlfn.AGGREGATE(15, 6, ROW(Kintoneデータ抽出!$K$2:$K$5000) / ((Kintoneデータ抽出!$K$2:$K$5000="院内")), ROW(A20))),"*その他*"),"", IF(COUNTIF(INDEX(Kintoneデータ抽出!L:L, _xlfn.AGGREGATE(15, 6, ROW(Kintoneデータ抽出!$K$2:$K$5000) / ((Kintoneデータ抽出!$K$2:$K$5000="院内")), ROW(A20))),"*新制度*"),"新制度","企業主導型"))),""), "")}
D32: =IF(H32<>"",D31+1,"") | F32: {=IFERROR(INDEX(Kintoneデータ抽出!A:A, _xlfn.AGGREGATE(15, 6, ROW(Kintoneデータ抽出!$K$2:$K$5000) / ((Kintoneデータ抽出!$K$2:$K$5000="小規模") + (Kintoneデータ抽出!$K$2:$K$5000="認可")), ROW(A21))), "")} | G32: {=IFERROR(INDEX(Kintoneデータ抽出!D:D, _xlfn.AGGREGATE(15, 6, ROW(Kintoneデータ抽出!$K$2:$K$5000) / ((Kintoneデータ抽出!$K$2:$K$5000="小規模") + (Kintoneデータ抽出!$K$2:$K$5000="認可")), ROW(A21))), "")} | H32: {=IFERROR(INDEX(Kintoneデータ抽出!C:C, _xlfn.AGGREGATE(15, 6, ROW(Kintoneデータ抽出!$K$2:$K$5000) / ((Kintoneデータ抽出!$K$2:$K$5000="小規模") + (Kintoneデータ抽出!$K$2:$K$5000="認可")), ROW(A21))), "")} | I32: {=IFERROR(IF(INDEX(Kintoneデータ抽出!G:G, _xlfn.AGGREGATE(15, 6, ROW(Kintoneデータ抽出!$K$2:$K$5000) / ((Kintoneデータ抽出!$K$2:$K$5000="小規模") + (Kintoneデータ抽出!$K$2:$K$5000="認可")), ROW(A21)))<>"",INDEX(Kintoneデータ抽出!G:G, _xlfn.AGGREGATE(15, 6, ROW(Kintoneデータ抽出!$K$2:$K$5000) / ((Kintoneデータ抽出!$K$2:$K$5000="小規模") + (Kintoneデータ抽出!$K$2:$K$5000="認可")), ROW(A21)))&"名",""), "")} | J32: {=IFERROR(IF(INDEX(Kintoneデータ抽出!E:E, _xlfn.AGGREGATE(15, 6, ROW(Kintoneデータ抽出!$K$2:$K$5000) / ((Kintoneデータ抽出!$K$2:$K$5000="小規模") + (Kintoneデータ抽出!$K$2:$K$5000="認可")), ROW(A21)))<>"", YEAR(INDEX(Kintoneデータ抽出!E:E, _xlfn.AGGREGATE(15, 6, ROW(Kintoneデータ抽出!$K$2:$K$5000) / ((Kintoneデータ抽出!$K$2:$K$5000="小規模") + (Kintoneデータ抽出!$K$2:$K$5000="認可")), ROW(A21))))&"年" &MONTH(INDEX(Kintoneデータ抽出!E:E, _xlfn.AGGREGATE(15, 6, ROW(Kintoneデータ抽出!$K$2:$K$5000) / ((Kintoneデータ抽出!$K$2:$K$5000="小規模") + (Kintoneデータ抽出!$K$2:$K$5000="認可")), ROW(A21))))&"月" &DAY(INDEX(Kintoneデータ抽出!E:E, _xlfn.AGGREGATE(15, 6, ROW(Kintoneデータ抽出!$K$2:$K$5000) / ((Kintoneデータ抽出!$K$2:$K$5000="小規模") + (Kintoneデータ抽出!$K$2:$K$5000="認可")), ROW(A21))))&"日",""), "")} | K32: {=IFERROR(IF(INDEX(Kintoneデータ抽出!F:F, _xlfn.AGGREGATE(15, 6, ROW(Kintoneデータ抽出!$K$2:$K$5000) / ((Kintoneデータ抽出!$K$2:$K$5000="小規模") + (Kintoneデータ抽出!$K$2:$K$5000="認可")), ROW(A21)))<>"", VLOOKUP(INDEX(Kintoneデータ抽出!F:F, _xlfn.AGGREGATE(15, 6, ROW(Kintoneデータ抽出!$K$2:$K$5000) / ((Kintoneデータ抽出!$K$2:$K$5000="小規模") + (Kintoneデータ抽出!$K$2:$K$5000="認可")), ROW(A21))),基本開園日の表記!$A$2:$B$13,2,FALSE),""), "")} | L32: {=IFERROR(IF(INDEX(Kintoneデータ抽出!F:F, _xlfn.AGGREGATE(15, 6, ROW(Kintoneデータ抽出!$K$2:$K$5000) / ((Kintoneデータ抽出!$K$2:$K$5000="小規模") + (Kintoneデータ抽出!$K$2:$K$5000="認可")), ROW(A21)))<>"", IF(COUNTIF(INDEX(Kintoneデータ抽出!F:F, _xlfn.AGGREGATE(15, 6, ROW(Kintoneデータ抽出!$K$2:$K$5000) / ((Kintoneデータ抽出!$K$2:$K$5000="小規模") + (Kintoneデータ抽出!$K$2:$K$5000="認可")), ROW(A21))),"*あり*"),"夜間",""),""), "")} | M32: {=IFERROR(IF(INDEX(Kintoneデータ抽出!I:I, _xlfn.AGGREGATE(15, 6, ROW(Kintoneデータ抽出!$K$2:$K$5000) / ((Kintoneデータ抽出!$K$2:$K$5000="小規模") + (Kintoneデータ抽出!$K$2:$K$5000="認可")), ROW(A21)))<>"", IF(COUNTIF(INDEX(Kintoneデータ抽出!I:I, _xlfn.AGGREGATE(15, 6, ROW(Kintoneデータ抽出!$K$2:$K$5000) / ((Kintoneデータ抽出!$K$2:$K$5000="小規模") + (Kintoneデータ抽出!$K$2:$K$5000="認可")), ROW(A21))),"*あり*"),"学童",""),""), "")} | N32: {=IFERROR(IF(INDEX(Kintoneデータ抽出!H:H, _xlfn.AGGREGATE(15, 6, ROW(Kintoneデータ抽出!$K$2:$K$5000) / ((Kintoneデータ抽出!$K$2:$K$5000="小規模") + (Kintoneデータ抽出!$K$2:$K$5000="認可")), ROW(A21)))<>"", IF(COUNTIF(INDEX(Kintoneデータ抽出!H:H, _xlfn.AGGREGATE(15, 6, ROW(Kintoneデータ抽出!$K$2:$K$5000) / ((Kintoneデータ抽出!$K$2:$K$5000="小規模") + (Kintoneデータ抽出!$K$2:$K$5000="認可")), ROW(A21))),"*あり*"),"病児",""),""), "")} | O32: {=IFERROR( IF(INDEX(Kintoneデータ抽出!M:M, _xlfn.AGGREGATE(15, 6, ROW(Kintoneデータ抽出!$K$2:$K$5000) / ((Kintoneデータ抽出!$K$2:$K$5000="小規模") + (Kintoneデータ抽出!$K$2:$K$5000="認可")), ROW(A21)))<>0,INDEX(Kintoneデータ抽出!M:M, _xlfn.AGGREGATE(15, 6, ROW(Kintoneデータ抽出!$K$2:$K$5000) / ((Kintoneデータ抽出!$K$2:$K$5000="小規模") + (Kintoneデータ抽出!$K$2:$K$5000="認可")), ROW(A21))),""), "")} | P32: {=IFERROR(IF(INDEX(Kintoneデータ抽出!L:L, _xlfn.AGGREGATE(15, 6, ROW(Kintoneデータ抽出!$K$2:$K$5000) / ((Kintoneデータ抽出!$K$2:$K$5000="院内")), ROW(A21)))<>"", IF(COUNTIF(INDEX(Kintoneデータ抽出!L:L, _xlfn.AGGREGATE(15, 6, ROW(Kintoneデータ抽出!$K$2:$K$5000) / ((Kintoneデータ抽出!$K$2:$K$5000="院内")), ROW(A21))),"*企業主導型以外*"),"", IF(COUNTIF(INDEX(Kintoneデータ抽出!L:L, _xlfn.AGGREGATE(15, 6, ROW(Kintoneデータ抽出!$K$2:$K$5000) / ((Kintoneデータ抽出!$K$2:$K$5000="院内")), ROW(A21))),"*その他*"),"", IF(COUNTIF(INDEX(Kintoneデータ抽出!L:L, _xlfn.AGGREGATE(15, 6, ROW(Kintoneデータ抽出!$K$2:$K$5000) / ((Kintoneデータ抽出!$K$2:$K$5000="院内")), ROW(A21))),"*新制度*"),"新制度","企業主導型"))),""), "")}
D33: =IF(H33<>"",D32+1,D32) | F33: {=IFERROR(INDEX(Kintoneデータ抽出!A:A, _xlfn.AGGREGATE(15, 6, ROW(Kintoneデータ抽出!$K$2:$K$5000) / ((Kintoneデータ抽出!$K$2:$K$5000="小規模") + (Kintoneデータ抽出!$K$2:$K$5000="認可")), ROW(A22))), "")} | G33: {=IFERROR(INDEX(Kintoneデータ抽出!D:D, _xlfn.AGGREGATE(15, 6, ROW(Kintoneデータ抽出!$K$2:$K$5000) / ((Kintoneデータ抽出!$K$2:$K$5000="小規模") + (Kintoneデータ抽出!$K$2:$K$5000="認可")), ROW(A22))), "")} | H33: {=IFERROR(INDEX(Kintoneデータ抽出!C:C, _xlfn.AGGREGATE(15, 6, ROW(Kintoneデータ抽出!$K$2:$K$5000) / ((Kintoneデータ抽出!$K$2:$K$5000="小規模") + (Kintoneデータ抽出!$K$2:$K$5000="認可")), ROW(A22))), "")} | I33: {=IFERROR(IF(INDEX(Kintoneデータ抽出!G:G, _xlfn.AGGREGATE(15, 6, ROW(Kintoneデータ抽出!$K$2:$K$5000) / ((Kintoneデータ抽出!$K$2:$K$5000="小規模") + (Kintoneデータ抽出!$K$2:$K$5000="認可")), ROW(A22)))<>"",INDEX(Kintoneデータ抽出!G:G, _xlfn.AGGREGATE(15, 6, ROW(Kintoneデータ抽出!$K$2:$K$5000) / ((Kintoneデータ抽出!$K$2:$K$5000="小規模") + (Kintoneデータ抽出!$K$2:$K$5000="認可")), ROW(A22)))&"名",""), "")} | J33: {=IFERROR(IF(INDEX(Kintoneデータ抽出!E:E, _xlfn.AGGREGATE(15, 6, ROW(Kintoneデータ抽出!$K$2:$K$5000) / ((Kintoneデータ抽出!$K$2:$K$5000="小規模") + (Kintoneデータ抽出!$K$2:$K$5000="認可")), ROW(A22)))<>"", YEAR(INDEX(Kintoneデータ抽出!E:E, _xlfn.AGGREGATE(15, 6, ROW(Kintoneデータ抽出!$K$2:$K$5000) / ((Kintoneデータ抽出!$K$2:$K$5000="小規模") + (Kintoneデータ抽出!$K$2:$K$5000="認可")), ROW(A22))))&"年" &MONTH(INDEX(Kintoneデータ抽出!E:E, _xlfn.AGGREGATE(15, 6, ROW(Kintoneデータ抽出!$K$2:$K$5000) / ((Kintoneデータ抽出!$K$2:$K$5000="小規模") + (Kintoneデータ抽出!$K$2:$K$5000="認可")), ROW(A22))))&"月" &DAY(INDEX(Kintoneデータ抽出!E:E, _xlfn.AGGREGATE(15, 6, ROW(Kintoneデータ抽出!$K$2:$K$5000) / ((Kintoneデータ抽出!$K$2:$K$5000="小規模") + (Kintoneデータ抽出!$K$2:$K$5000="認可")), ROW(A22))))&"日",""), "")} | K33: {=IFERROR(IF(INDEX(Kintoneデータ抽出!F:F, _xlfn.AGGREGATE(15, 6, ROW(Kintoneデータ抽出!$K$2:$K$5000) / ((Kintoneデータ抽出!$K$2:$K$5000="小規模") + (Kintoneデータ抽出!$K$2:$K$5000="認可")), ROW(A22)))<>"", VLOOKUP(INDEX(Kintoneデータ抽出!F:F, _xlfn.AGGREGATE(15, 6, ROW(Kintoneデータ抽出!$K$2:$K$5000) / ((Kintoneデータ抽出!$K$2:$K$5000="小規模") + (Kintoneデータ抽出!$K$2:$K$5000="認可")), ROW(A22))),基本開園日の表記!$A$2:$B$13,2,FALSE),""), "")} | L33: {=IFERROR(IF(INDEX(Kintoneデータ抽出!F:F, _xlfn.AGGREGATE(15, 6, ROW(Kintoneデータ抽出!$K$2:$K$5000) / ((Kintoneデータ抽出!$K$2:$K$5000="小規模") + (Kintoneデータ抽出!$K$2:$K$5000="認可")), ROW(A22)))<>"", IF(COUNTIF(INDEX(Kintoneデータ抽出!F:F, _xlfn.AGGREGATE(15, 6, ROW(Kintoneデータ抽出!$K$2:$K$5000) / ((Kintoneデータ抽出!$K$2:$K$5000="小規模") + (Kintoneデータ抽出!$K$2:$K$5000="認可")), ROW(A22))),"*あり*"),"夜間",""),""), "")} | M33: {=IFERROR(IF(INDEX(Kintoneデータ抽出!I:I, _xlfn.AGGREGATE(15, 6, ROW(Kintoneデータ抽出!$K$2:$K$5000) / ((Kintoneデータ抽出!$K$2:$K$5000="小規模") + (Kintoneデータ抽出!$K$2:$K$5000="認可")), ROW(A22)))<>"", IF(COUNTIF(INDEX(Kintoneデータ抽出!I:I, _xlfn.AGGREGATE(15, 6, ROW(Kintoneデータ抽出!$K$2:$K$5000) / ((Kintoneデータ抽出!$K$2:$K$5000="小規模") + (Kintoneデータ抽出!$K$2:$K$5000="認可")), ROW(A22))),"*あり*"),"学童",""),""), "")} | N33: {=IFERROR(IF(INDEX(Kintoneデータ抽出!H:H, _xlfn.AGGREGATE(15, 6, ROW(Kintoneデータ抽出!$K$2:$K$5000) / ((Kintoneデータ抽出!$K$2:$K$5000="小規模") + (Kintoneデータ抽出!$K$2:$K$5000="認可")), ROW(A22)))<>"", IF(COUNTIF(INDEX(Kintoneデータ抽出!H:H, _xlfn.AGGREGATE(15, 6, ROW(Kintoneデータ抽出!$K$2:$K$5000) / ((Kintoneデータ抽出!$K$2:$K$5000="小規模") + (Kintoneデータ抽出!$K$2:$K$5000="認可")), ROW(A22))),"*あり*"),"病児",""),""), "")} | O33: {=IFERROR( IF(INDEX(Kintoneデータ抽出!M:M, _xlfn.AGGREGATE(15, 6, ROW(Kintoneデータ抽出!$K$2:$K$5000) / ((Kintoneデータ抽出!$K$2:$K$5000="小規模") + (Kintoneデータ抽出!$K$2:$K$5000="認可")), ROW(A22)))<>0,INDEX(Kintoneデータ抽出!M:M, _xlfn.AGGREGATE(15, 6, ROW(Kintoneデータ抽出!$K$2:$K$5000) / ((Kintoneデータ抽出!$K$2:$K$5000="小規模") + (Kintoneデータ抽出!$K$2:$K$5000="認可")), ROW(A22))),""), "")} | P33: {=IFERROR(IF(INDEX(Kintoneデータ抽出!L:L, _xlfn.AGGREGATE(15, 6, ROW(Kintoneデータ抽出!$K$2:$K$5000) / ((Kintoneデータ抽出!$K$2:$K$5000="院内")), ROW(A22)))<>"", IF(COUNTIF(INDEX(Kintoneデータ抽出!L:L, _xlfn.AGGREGATE(15, 6, ROW(Kintoneデータ抽出!$K$2:$K$5000) / ((Kintoneデータ抽出!$K$2:$K$5000="院内")), ROW(A22))),"*企業主導型以外*"),"", IF(COUNTIF(INDEX(Kintoneデータ抽出!L:L, _xlfn.AGGREGATE(15, 6, ROW(Kintoneデータ抽出!$K$2:$K$5000) / ((Kintoneデータ抽出!$K$2:$K$5000="院内")), ROW(A22))),"*その他*"),"", IF(COUNTIF(INDEX(Kintoneデータ抽出!L:L, _xlfn.AGGREGATE(15, 6, ROW(Kintoneデータ抽出!$K$2:$K$5000) / ((Kintoneデータ抽出!$K$2:$K$5000="院内")), ROW(A22))),"*新制度*"),"新制度","企業主導型"))),""), "")}
D34: =IF(H34<>"",D33+1,D33) | F34: {=IFERROR(INDEX(Kintoneデータ抽出!A:A, _xlfn.AGGREGATE(15, 6, ROW(Kintoneデータ抽出!$K$2:$K$5000) / ((Kintoneデータ抽出!$K$2:$K$5000="小規模") + (Kintoneデータ抽出!$K$2:$K$5000="認可")), ROW(A23))), "")} | G34: {=IFERROR(INDEX(Kintoneデータ抽出!D:D, _xlfn.AGGREGATE(15, 6, ROW(Kintoneデータ抽出!$K$2:$K$5000) / ((Kintoneデータ抽出!$K$2:$K$5000="小規模") + (Kintoneデータ抽出!$K$2:$K$5000="認可")), ROW(A23))), "")} | H34: {=IFERROR(INDEX(Kintoneデータ抽出!C:C, _xlfn.AGGREGATE(15, 6, ROW(Kintoneデータ抽出!$K$2:$K$5000) / ((Kintoneデータ抽出!$K$2:$K$5000="小規模") + (Kintoneデータ抽出!$K$2:$K$5000="認可")), ROW(A23))), "")} | I34: {=IFERROR(IF(INDEX(Kintoneデータ抽出!G:G, _xlfn.AGGREGATE(15, 6, ROW(Kintoneデータ抽出!$K$2:$K$5000) / ((Kintoneデータ抽出!$K$2:$K$5000="小規模") + (Kintoneデータ抽出!$K$2:$K$5000="認可")), ROW(A23)))<>"",INDEX(Kintoneデータ抽出!G:G, _xlfn.AGGREGATE(15, 6, ROW(Kintoneデータ抽出!$K$2:$K$5000) / ((Kintoneデータ抽出!$K$2:$K$5000="小規模") + (Kintoneデータ抽出!$K$2:$K$5000="認可")), ROW(A23)))&"名",""), "")} | J34: {=IFERROR(IF(INDEX(Kintoneデータ抽出!E:E, _xlfn.AGGREGATE(15, 6, ROW(Kintoneデータ抽出!$K$2:$K$5000) / ((Kintoneデータ抽出!$K$2:$K$5000="小規模") + (Kintoneデータ抽出!$K$2:$K$5000="認可")), ROW(A23)))<>"", YEAR(INDEX(Kintoneデータ抽出!E:E, _xlfn.AGGREGATE(15, 6, ROW(Kintoneデータ抽出!$K$2:$K$5000) / ((Kintoneデータ抽出!$K$2:$K$5000="小規模") + (Kintoneデータ抽出!$K$2:$K$5000="認可")), ROW(A23))))&"年" &MONTH(INDEX(Kintoneデータ抽出!E:E, _xlfn.AGGREGATE(15, 6, ROW(Kintoneデータ抽出!$K$2:$K$5000) / ((Kintoneデータ抽出!$K$2:$K$5000="小規模") + (Kintoneデータ抽出!$K$2:$K$5000="認可")), ROW(A23))))&"月" &DAY(INDEX(Kintoneデータ抽出!E:E, _xlfn.AGGREGATE(15, 6, ROW(Kintoneデータ抽出!$K$2:$K$5000) / ((Kintoneデータ抽出!$K$2:$K$5000="小規模") + (Kintoneデータ抽出!$K$2:$K$5000="認可")), ROW(A23))))&"日",""), "")} | K34: {=IFERROR(IF(INDEX(Kintoneデータ抽出!F:F, _xlfn.AGGREGATE(15, 6, ROW(Kintoneデータ抽出!$K$2:$K$5000) / ((Kintoneデータ抽出!$K$2:$K$5000="小規模") + (Kintoneデータ抽出!$K$2:$K$5000="認可")), ROW(A23)))<>"", VLOOKUP(INDEX(Kintoneデータ抽出!F:F, _xlfn.AGGREGATE(15, 6, ROW(Kintoneデータ抽出!$K$2:$K$5000) / ((Kintoneデータ抽出!$K$2:$K$5000="小規模") + (Kintoneデータ抽出!$K$2:$K$5000="認可")), ROW(A23))),基本開園日の表記!$A$2:$B$13,2,FALSE),""), "")} | L34: {=IFERROR(IF(INDEX(Kintoneデータ抽出!F:F, _xlfn.AGGREGATE(15, 6, ROW(Kintoneデータ抽出!$K$2:$K$5000) / ((Kintoneデータ抽出!$K$2:$K$5000="小規模") + (Kintoneデータ抽出!$K$2:$K$5000="認可")), ROW(A23)))<>"", IF(COUNTIF(INDEX(Kintoneデータ抽出!F:F, _xlfn.AGGREGATE(15, 6, ROW(Kintoneデータ抽出!$K$2:$K$5000) / ((Kintoneデータ抽出!$K$2:$K$5000="小規模") + (Kintoneデータ抽出!$K$2:$K$5000="認可")), ROW(A23))),"*あり*"),"夜間",""),""), "")} | M34: {=IFERROR(IF(INDEX(Kintoneデータ抽出!I:I, _xlfn.AGGREGATE(15, 6, ROW(Kintoneデータ抽出!$K$2:$K$5000) / ((Kintoneデータ抽出!$K$2:$K$5000="小規模") + (Kintoneデータ抽出!$K$2:$K$5000="認可")), ROW(A23)))<>"", IF(COUNTIF(INDEX(Kintoneデータ抽出!I:I, _xlfn.AGGREGATE(15, 6, ROW(Kintoneデータ抽出!$K$2:$K$5000) / ((Kintoneデータ抽出!$K$2:$K$5000="小規模") + (Kintoneデータ抽出!$K$2:$K$5000="認可")), ROW(A23))),"*あり*"),"学童",""),""), "")} | N34: {=IFERROR(IF(INDEX(Kintoneデータ抽出!H:H, _xlfn.AGGREGATE(15, 6, ROW(Kintoneデータ抽出!$K$2:$K$5000) / ((Kintoneデータ抽出!$K$2:$K$5000="小規模") + (Kintoneデータ抽出!$K$2:$K$5000="認可")), ROW(A23)))<>"", IF(COUNTIF(INDEX(Kintoneデータ抽出!H:H, _xlfn.AGGREGATE(15, 6, ROW(Kintoneデータ抽出!$K$2:$K$5000) / ((Kintoneデータ抽出!$K$2:$K$5000="小規模") + (Kintoneデータ抽出!$K$2:$K$5000="認可")), ROW(A23))),"*あり*"),"病児",""),""), "")} | O34: {=IFERROR( IF(INDEX(Kintoneデータ抽出!M:M, _xlfn.AGGREGATE(15, 6, ROW(Kintoneデータ抽出!$K$2:$K$5000) / ((Kintoneデータ抽出!$K$2:$K$5000="小規模") + (Kintoneデータ抽出!$K$2:$K$5000="認可")), ROW(A23)))<>0,INDEX(Kintoneデータ抽出!M:M, _xlfn.AGGREGATE(15, 6, ROW(Kintoneデータ抽出!$K$2:$K$5000) / ((Kintoneデータ抽出!$K$2:$K$5000="小規模") + (Kintoneデータ抽出!$K$2:$K$5000="認可")), ROW(A23))),""), "")} | P34: {=IFERROR(IF(INDEX(Kintoneデータ抽出!L:L, _xlfn.AGGREGATE(15, 6, ROW(Kintoneデータ抽出!$K$2:$K$5000) / ((Kintoneデータ抽出!$K$2:$K$5000="院内")), ROW(A23)))<>"", IF(COUNTIF(INDEX(Kintoneデータ抽出!L:L, _xlfn.AGGREGATE(15, 6, ROW(Kintoneデータ抽出!$K$2:$K$5000) / ((Kintoneデータ抽出!$K$2:$K$5000="院内")), ROW(A23))),"*企業主導型以外*"),"", IF(COUNTIF(INDEX(Kintoneデータ抽出!L:L, _xlfn.AGGREGATE(15, 6, ROW(Kintoneデータ抽出!$K$2:$K$5000) / ((Kintoneデータ抽出!$K$2:$K$5000="院内")), ROW(A23))),"*その他*"),"", IF(COUNTIF(INDEX(Kintoneデータ抽出!L:L, _xlfn.AGGREGATE(15, 6, ROW(Kintoneデータ抽出!$K$2:$K$5000) / ((Kintoneデータ抽出!$K$2:$K$5000="院内")), ROW(A23))),"*新制度*"),"新制度","企業主導型"))),""), "")}
F35: {=IFERROR(INDEX(Kintoneデータ抽出!A:A, _xlfn.AGGREGATE(15, 6, ROW(Kintoneデータ抽出!$K$2:$K$5000) / ((Kintoneデータ抽出!$K$2:$K$5000="小規模") + (Kintoneデータ抽出!$K$2:$K$5000="認可")), ROW(A24))), "")} | G35: {=IFERROR(INDEX(Kintoneデータ抽出!D:D, _xlfn.AGGREGATE(15, 6, ROW(Kintoneデータ抽出!$K$2:$K$5000) / ((Kintoneデータ抽出!$K$2:$K$5000="小規模") + (Kintoneデータ抽出!$K$2:$K$5000="認可")), ROW(A24))), "")} | H35: {=IFERROR(INDEX(Kintoneデータ抽出!C:C, _xlfn.AGGREGATE(15, 6, ROW(Kintoneデータ抽出!$K$2:$K$5000) / ((Kintoneデータ抽出!$K$2:$K$5000="小規模") + (Kintoneデータ抽出!$K$2:$K$5000="認可")), ROW(A24))), "")} | I35: {=IFERROR(IF(INDEX(Kintoneデータ抽出!G:G, _xlfn.AGGREGATE(15, 6, ROW(Kintoneデータ抽出!$K$2:$K$5000) / ((Kintoneデータ抽出!$K$2:$K$5000="小規模") + (Kintoneデータ抽出!$K$2:$K$5000="認可")), ROW(A24)))<>"",INDEX(Kintoneデータ抽出!G:G, _xlfn.AGGREGATE(15, 6, ROW(Kintoneデータ抽出!$K$2:$K$5000) / ((Kintoneデータ抽出!$K$2:$K$5000="小規模") + (Kintoneデータ抽出!$K$2:$K$5000="認可")), ROW(A24)))&"名",""), "")} | J35: {=IFERROR(IF(INDEX(Kintoneデータ抽出!E:E, _xlfn.AGGREGATE(15, 6, ROW(Kintoneデータ抽出!$K$2:$K$5000) / ((Kintoneデータ抽出!$K$2:$K$5000="小規模") + (Kintoneデータ抽出!$K$2:$K$5000="認可")), ROW(A24)))<>"", YEAR(INDEX(Kintoneデータ抽出!E:E, _xlfn.AGGREGATE(15, 6, ROW(Kintoneデータ抽出!$K$2:$K$5000) / ((Kintoneデータ抽出!$K$2:$K$5000="小規模") + (Kintoneデータ抽出!$K$2:$K$5000="認可")), ROW(A24))))&"年" &MONTH(INDEX(Kintoneデータ抽出!E:E, _xlfn.AGGREGATE(15, 6, ROW(Kintoneデータ抽出!$K$2:$K$5000) / ((Kintoneデータ抽出!$K$2:$K$5000="小規模") + (Kintoneデータ抽出!$K$2:$K$5000="認可")), ROW(A24))))&"月" &DAY(INDEX(Kintoneデータ抽出!E:E, _xlfn.AGGREGATE(15, 6, ROW(Kintoneデータ抽出!$K$2:$K$5000) / ((Kintoneデータ抽出!$K$2:$K$5000="小規模") + (Kintoneデータ抽出!$K$2:$K$5000="認可")), ROW(A24))))&"日",""), "")} | K35: {=IFERROR(IF(INDEX(Kintoneデータ抽出!F:F, _xlfn.AGGREGATE(15, 6, ROW(Kintoneデータ抽出!$K$2:$K$5000) / ((Kintoneデータ抽出!$K$2:$K$5000="小規模") + (Kintoneデータ抽出!$K$2:$K$5000="認可")), ROW(A24)))<>"", VLOOKUP(INDEX(Kintoneデータ抽出!F:F, _xlfn.AGGREGATE(15, 6, ROW(Kintoneデータ抽出!$K$2:$K$5000) / ((Kintoneデータ抽出!$K$2:$K$5000="小規模") + (Kintoneデータ抽出!$K$2:$K$5000="認可")), ROW(A24))),基本開園日の表記!$A$2:$B$13,2,FALSE),""), "")} | L35: {=IFERROR(IF(INDEX(Kintoneデータ抽出!F:F, _xlfn.AGGREGATE(15, 6, ROW(Kintoneデータ抽出!$K$2:$K$5000) / ((Kintoneデータ抽出!$K$2:$K$5000="小規模") + (Kintoneデータ抽出!$K$2:$K$5000="認可")), ROW(A24)))<>"", IF(COUNTIF(INDEX(Kintoneデータ抽出!F:F, _xlfn.AGGREGATE(15, 6, ROW(Kintoneデータ抽出!$K$2:$K$5000) / ((Kintoneデータ抽出!$K$2:$K$5000="小規模") + (Kintoneデータ抽出!$K$2:$K$5000="認可")), ROW(A24))),"*あり*"),"夜間",""),""), "")} | M35: {=IFERROR(IF(INDEX(Kintoneデータ抽出!I:I, _xlfn.AGGREGATE(15, 6, ROW(Kintoneデータ抽出!$K$2:$K$5000) / ((Kintoneデータ抽出!$K$2:$K$5000="小規模") + (Kintoneデータ抽出!$K$2:$K$5000="認可")), ROW(A24)))<>"", IF(COUNTIF(INDEX(Kintoneデータ抽出!I:I, _xlfn.AGGREGATE(15, 6, ROW(Kintoneデータ抽出!$K$2:$K$5000) / ((Kintoneデータ抽出!$K$2:$K$5000="小規模") + (Kintoneデータ抽出!$K$2:$K$5000="認可")), ROW(A24))),"*あり*"),"学童",""),""), "")} | N35: {=IFERROR(IF(INDEX(Kintoneデータ抽出!H:H, _xlfn.AGGREGATE(15, 6, ROW(Kintoneデータ抽出!$K$2:$K$5000) / ((Kintoneデータ抽出!$K$2:$K$5000="小規模") + (Kintoneデータ抽出!$K$2:$K$5000="認可")), ROW(A24)))<>"", IF(COUNTIF(INDEX(Kintoneデータ抽出!H:H, _xlfn.AGGREGATE(15, 6, ROW(Kintoneデータ抽出!$K$2:$K$5000) / ((Kintoneデータ抽出!$K$2:$K$5000="小規模") + (Kintoneデータ抽出!$K$2:$K$5000="認可")), ROW(A24))),"*あり*"),"病児",""),""), "")} | O35: {=IFERROR( IF(INDEX(Kintoneデータ抽出!M:M, _xlfn.AGGREGATE(15, 6, ROW(Kintoneデータ抽出!$K$2:$K$5000) / ((Kintoneデータ抽出!$K$2:$K$5000="小規模") + (Kintoneデータ抽出!$K$2:$K$5000="認可")), ROW(A24)))<>0,INDEX(Kintoneデータ抽出!M:M, _xlfn.AGGREGATE(15, 6, ROW(Kintoneデータ抽出!$K$2:$K$5000) / ((Kintoneデータ抽出!$K$2:$K$5000="小規模") + (Kintoneデータ抽出!$K$2:$K$5000="認可")), ROW(A24))),""), "")} | P35: {=IFERROR(IF(INDEX(Kintoneデータ抽出!L:L, _xlfn.AGGREGATE(15, 6, ROW(Kintoneデータ抽出!$K$2:$K$5000) / ((Kintoneデータ抽出!$K$2:$K$5000="院内")), ROW(A24)))<>"", IF(COUNTIF(INDEX(Kintoneデータ抽出!L:L, _xlfn.AGGREGATE(15, 6, ROW(Kintoneデータ抽出!$K$2:$K$5000) / ((Kintoneデータ抽出!$K$2:$K$5000="院内")), ROW(A24))),"*企業主導型以外*"),"", IF(COUNTIF(INDEX(Kintoneデータ抽出!L:L, _xlfn.AGGREGATE(15, 6, ROW(Kintoneデータ抽出!$K$2:$K$5000) / ((Kintoneデータ抽出!$K$2:$K$5000="院内")), ROW(A24))),"*その他*"),"", IF(COUNTIF(INDEX(Kintoneデータ抽出!L:L, _xlfn.AGGREGATE(15, 6, ROW(Kintoneデータ抽出!$K$2:$K$5000) / ((Kintoneデータ抽出!$K$2:$K$5000="院内")), ROW(A24))),"*新制度*"),"新制度","企業主導型"))),""), "")}
B36: ２．病院内保育施設企画運営 | N36: 園
D37: No. | F37: 地域 | G37: クライアント名 | H37: 施設名 | I37: 定員数 | J37: 開園日 | K37: 形態 | O37: 病床数 | P37: 制度
B38: 北海道 | D38: =IF(H38<>"",D34+1,D34) | F38: {=IFERROR(INDEX(Kintoneデータ抽出!A:A, _xlfn.AGGREGATE(15, 6, ROW(Kintoneデータ抽出!$K$2:$K$5000) / ((Kintoneデータ抽出!$K$2:$K$5000="院内")), ROW(A1))), "")} | G38: {=IFERROR(INDEX(Kintoneデータ抽出!D:D, _xlfn.AGGREGATE(15, 6, ROW(Kintoneデータ抽出!$K$2:$K$5000) / ((Kintoneデータ抽出!$K$2:$K$5000="院内")), ROW(A1))), "")} | H38: {=IFERROR(INDEX(Kintoneデータ抽出!C:C, _xlfn.AGGREGATE(15, 6, ROW(Kintoneデータ抽出!$K$2:$K$5000) / ((Kintoneデータ抽出!$K$2:$K$5000="院内")), ROW(A1))), "")} | I38: {=IFERROR(IF(INDEX(Kintoneデータ抽出!G:G, _xlfn.AGGREGATE(15, 6, ROW(Kintoneデータ抽出!$K$2:$K$5000) / ((Kintoneデータ抽出!$K$2:$K$5000="院内")), ROW(A1)))<>"",INDEX(Kintoneデータ抽出!G:G, _xlfn.AGGREGATE(15, 6, ROW(Kintoneデータ抽出!$K$2:$K$5000) / ((Kintoneデータ抽出!$K$2:$K$5000="院内")), ROW(A1)))&"名",""), "")} | J38: {=IFERROR(IF(INDEX(Kintoneデータ抽出!E:E, _xlfn.AGGREGATE(15, 6, ROW(Kintoneデータ抽出!$K$2:$K$5000) / ((Kintoneデータ抽出!$K$2:$K$5000="院内")), ROW(A1)))<>"", YEAR(INDEX(Kintoneデータ抽出!E:E, _xlfn.AGGREGATE(15, 6, ROW(Kintoneデータ抽出!$K$2:$K$5000) / ((Kintoneデータ抽出!$K$2:$K$5000="院内")), ROW(A1))))&"年" &MONTH(INDEX(Kintoneデータ抽出!E:E, _xlfn.AGGREGATE(15, 6, ROW(Kintoneデータ抽出!$K$2:$K$5000) / ((Kintoneデータ抽出!$K$2:$K$5000="院内")), ROW(A1))))&"月" &DAY(INDEX(Kintoneデータ抽出!E:E, _xlfn.AGGREGATE(15, 6, ROW(Kintoneデータ抽出!$K$2:$K$5000) /((Kintoneデータ抽出!$K$2:$K$5000="院内")), ROW(A1))))&"日",""), "")} | K38: {=IFERROR(IF(INDEX(Kintoneデータ抽出!F:F, _xlfn.AGGREGATE(15, 6, ROW(Kintoneデータ抽出!$K$2:$K$5000) / ((Kintoneデータ抽出!$K$2:$K$5000="院内")), ROW(A1)))<>"", VLOOKUP(INDEX(Kintoneデータ抽出!F:F, _xlfn.AGGREGATE(15, 6, ROW(Kintoneデータ抽出!$K$2:$K$5000) / ((Kintoneデータ抽出!$K$2:$K$5000="院内")), ROW(A1))),基本開園日の表記!$A$2:$B$13,2,FALSE),""), "")} | L38: {=IFERROR(IF(INDEX(Kintoneデータ抽出!F:F, _xlfn.AGGREGATE(15, 6, ROW(Kintoneデータ抽出!$K$2:$K$5000) / ((Kintoneデータ抽出!$K$2:$K$5000="院内")), ROW(A1)))<>"", IF(COUNTIF(INDEX(Kintoneデータ抽出!F:F, _xlfn.AGGREGATE(15, 6, ROW(Kintoneデータ抽出!$K$2:$K$5000) / ((Kintoneデータ抽出!$K$2:$K$5000="院内")), ROW(A1))),"*あり*"),"夜間",""),""), "")} | M38: {=IFERROR(IF(INDEX(Kintoneデータ抽出!I:I, _xlfn.AGGREGATE(15, 6, ROW(Kintoneデータ抽出!$K$2:$K$5000) / ((Kintoneデータ抽出!$K$2:$K$5000="院内")), ROW(A1)))<>"", IF(COUNTIF(INDEX(Kintoneデータ抽出!I:I, _xlfn.AGGREGATE(15, 6, ROW(Kintoneデータ抽出!$K$2:$K$5000) / ((Kintoneデータ抽出!$K$2:$K$5000="院内")), ROW(A1))),"*あり*"),"学童",""),""), "")} | N38: {=IFERROR(IF(INDEX(Kintoneデータ抽出!H:H, _xlfn.AGGREGATE(15, 6, ROW(Kintoneデータ抽出!$K$2:$K$5000) / ((Kintoneデータ抽出!$K$2:$K$5000="院内")), ROW(A1)))<>"", IF(COUNTIF(INDEX(Kintoneデータ抽出!H:H, _xlfn.AGGREGATE(15, 6, ROW(Kintoneデータ抽出!$K$2:$K$5000) / ((Kintoneデータ抽出!$K$2:$K$5000="院内")), ROW(A1))),"*あり*"),"病児",""),""), "")} | O38: {=IFERROR( IF(INDEX(Kintoneデータ抽出!M:M, _xlfn.AGGREGATE(15, 6, ROW(Kintoneデータ抽出!$K$2:$K$5000) / ((Kintoneデータ抽出!$K$2:$K$5000="院内")), ROW(A1)))<>0,INDEX(Kintoneデータ抽出!M:M, _xlfn.AGGREGATE(15, 6, ROW(Kintoneデータ抽出!$K$2:$K$5000) / ((Kintoneデータ抽出!$K$2:$K$5000="院内")), ROW(A1))),""), "")} | P38: {=IFERROR(IF(INDEX(Kintoneデータ抽出!L:L, _xlfn.AGGREGATE(15, 6, ROW(Kintoneデータ抽出!$K$2:$K$5000) / ((Kintoneデータ抽出!$K$2:$K$5000="院内")), ROW(A1)))<>"", IF(COUNTIF(INDEX(Kintoneデータ抽出!L:L, _xlfn.AGGREGATE(15, 6, ROW(Kintoneデータ抽出!$K$2:$K$5000) / ((Kintoneデータ抽出!$K$2:$K$5000="院内")), ROW(A1))),"*企業主導型以外*"),"", IF(COUNTIF(INDEX(Kintoneデータ抽出!L:L, _xlfn.AGGREGATE(15, 6, ROW(Kintoneデータ抽出!$K$2:$K$5000) / ((Kintoneデータ抽出!$K$2:$K$5000="院内")), ROW(A1))),"*その他*"),"", IF(COUNTIF(INDEX(Kintoneデータ抽出!L:L, _xlfn.AGGREGATE(15, 6, ROW(Kintoneデータ抽出!$K$2:$K$5000) / ((Kintoneデータ抽出!$K$2:$K$5000="院内")), ROW(A1))),"*新制度*"),"新制度","企業主導型"))),""), "")}
D39: =IF(H39<>"",D38+1,D38) | F39: {=IFERROR(INDEX(Kintoneデータ抽出!A:A, _xlfn.AGGREGATE(15, 6, ROW(Kintoneデータ抽出!$K$2:$K$5000) / ((Kintoneデータ抽出!$K$2:$K$5000="院内")), ROW(A2))), "")} | G39: {=IFERROR(INDEX(Kintoneデータ抽出!D:D, _xlfn.AGGREGATE(15, 6, ROW(Kintoneデータ抽出!$K$2:$K$5000) / ((Kintoneデータ抽出!$K$2:$K$5000="院内")), ROW(A2))), "")} | H39: {=IFERROR(INDEX(Kintoneデータ抽出!C:C, _xlfn.AGGREGATE(15, 6, ROW(Kintoneデータ抽出!$K$2:$K$5000) / ((Kintoneデータ抽出!$K$2:$K$5000="院内")), ROW(A2))), "")} | I39: {=IFERROR(IF(INDEX(Kintoneデータ抽出!G:G, _xlfn.AGGREGATE(15, 6, ROW(Kintoneデータ抽出!$K$2:$K$5000) / ((Kintoneデータ抽出!$K$2:$K$5000="院内")), ROW(A2)))<>"",INDEX(Kintoneデータ抽出!G:G, _xlfn.AGGREGATE(15, 6, ROW(Kintoneデータ抽出!$K$2:$K$5000) / ((Kintoneデータ抽出!$K$2:$K$5000="院内")), ROW(A2)))&"名",""), "")} | J39: {=IFERROR(IF(INDEX(Kintoneデータ抽出!E:E, _xlfn.AGGREGATE(15, 6, ROW(Kintoneデータ抽出!$K$2:$K$5000) / ((Kintoneデータ抽出!$K$2:$K$5000="院内")), ROW(A2)))<>"", YEAR(INDEX(Kintoneデータ抽出!E:E, _xlfn.AGGREGATE(15, 6, ROW(Kintoneデータ抽出!$K$2:$K$5000) / ((Kintoneデータ抽出!$K$2:$K$5000="院内")), ROW(A2))))&"年" &MONTH(INDEX(Kintoneデータ抽出!E:E, _xlfn.AGGREGATE(15, 6, ROW(Kintoneデータ抽出!$K$2:$K$5000) / ((Kintoneデータ抽出!$K$2:$K$5000="院内")), ROW(A2))))&"月" &DAY(INDEX(Kintoneデータ抽出!E:E, _xlfn.AGGREGATE(15, 6, ROW(Kintoneデータ抽出!$K$2:$K$5000) /((Kintoneデータ抽出!$K$2:$K$5000="院内")), ROW(A2))))&"日",""), "")} | K39: {=IFERROR(IF(INDEX(Kintoneデータ抽出!F:F, _xlfn.AGGREGATE(15, 6, ROW(Kintoneデータ抽出!$K$2:$K$5000) / ((Kintoneデータ抽出!$K$2:$K$5000="院内")), ROW(A2)))<>"", VLOOKUP(INDEX(Kintoneデータ抽出!F:F, _xlfn.AGGREGATE(15, 6, ROW(Kintoneデータ抽出!$K$2:$K$5000) / ((Kintoneデータ抽出!$K$2:$K$5000="院内")), ROW(A2))),基本開園日の表記!$A$2:$B$13,2,FALSE),""), "")} | L39: {=IFERROR(IF(INDEX(Kintoneデータ抽出!F:F, _xlfn.AGGREGATE(15, 6, ROW(Kintoneデータ抽出!$K$2:$K$5000) / ((Kintoneデータ抽出!$K$2:$K$5000="院内")), ROW(A2)))<>"", IF(COUNTIF(INDEX(Kintoneデータ抽出!F:F, _xlfn.AGGREGATE(15, 6, ROW(Kintoneデータ抽出!$K$2:$K$5000) / ((Kintoneデータ抽出!$K$2:$K$5000="院内")), ROW(A2))),"*あり*"),"夜間",""),""), "")} | M39: {=IFERROR(IF(INDEX(Kintoneデータ抽出!I:I, _xlfn.AGGREGATE(15, 6, ROW(Kintoneデータ抽出!$K$2:$K$5000) / ((Kintoneデータ抽出!$K$2:$K$5000="院内")), ROW(A2)))<>"", IF(COUNTIF(INDEX(Kintoneデータ抽出!I:I, _xlfn.AGGREGATE(15, 6, ROW(Kintoneデータ抽出!$K$2:$K$5000) / ((Kintoneデータ抽出!$K$2:$K$5000="院内")), ROW(A2))),"*あり*"),"学童",""),""), "")} | N39: {=IFERROR(IF(INDEX(Kintoneデータ抽出!H:H, _xlfn.AGGREGATE(15, 6, ROW(Kintoneデータ抽出!$K$2:$K$5000) / ((Kintoneデータ抽出!$K$2:$K$5000="院内")), ROW(A2)))<>"", IF(COUNTIF(INDEX(Kintoneデータ抽出!H:H, _xlfn.AGGREGATE(15, 6, ROW(Kintoneデータ抽出!$K$2:$K$5000) / ((Kintoneデータ抽出!$K$2:$K$5000="院内")), ROW(A2))),"*あり*"),"病児",""),""), "")} | O39: {=IFERROR( IF(INDEX(Kintoneデータ抽出!M:M, _xlfn.AGGREGATE(15, 6, ROW(Kintoneデータ抽出!$K$2:$K$5000) / ((Kintoneデータ抽出!$K$2:$K$5000="院内")), ROW(A2)))<>0,INDEX(Kintoneデータ抽出!M:M, _xlfn.AGGREGATE(15, 6, ROW(Kintoneデータ抽出!$K$2:$K$5000) / ((Kintoneデータ抽出!$K$2:$K$5000="院内")), ROW(A2))),""), "")} | P39: {=IFERROR(IF(INDEX(Kintoneデータ抽出!L:L, _xlfn.AGGREGATE(15, 6, ROW(Kintoneデータ抽出!$K$2:$K$5000) / ((Kintoneデータ抽出!$K$2:$K$5000="院内")), ROW(A2)))<>"", IF(COUNTIF(INDEX(Kintoneデータ抽出!L:L, _xlfn.AGGREGATE(15, 6, ROW(Kintoneデータ抽出!$K$2:$K$5000) / ((Kintoneデータ抽出!$K$2:$K$5000="院内")), ROW(A2))),"*企業主導型以外*"),"", IF(COUNTIF(INDEX(Kintoneデータ抽出!L:L, _xlfn.AGGREGATE(15, 6, ROW(Kintoneデータ抽出!$K$2:$K$5000) / ((Kintoneデータ抽出!$K$2:$K$5000="院内")), ROW(A2))),"*その他*"),"", IF(COUNTIF(INDEX(Kintoneデータ抽出!L:L, _xlfn.AGGREGATE(15, 6, ROW(Kintoneデータ抽出!$K$2:$K$5000) / ((Kintoneデータ抽出!$K$2:$K$5000="院内")), ROW(A2))),"*新制度*"),"新制度","企業主導型"))),""), "")}
D40: =IF(H40<>"",D39+1,D39) | F40: {=IFERROR(INDEX(Kintoneデータ抽出!A:A, _xlfn.AGGREGATE(15, 6, ROW(Kintoneデータ抽出!$K$2:$K$5000) / ((Kintoneデータ抽出!$K$2:$K$5000="院内")), ROW(A3))), "")} | G40: {=IFERROR(INDEX(Kintoneデータ抽出!D:D, _xlfn.AGGREGATE(15, 6, ROW(Kintoneデータ抽出!$K$2:$K$5000) / ((Kintoneデータ抽出!$K$2:$K$5000="院内")), ROW(A3))), "")} | H40: {=IFERROR(INDEX(Kintoneデータ抽出!C:C, _xlfn.AGGREGATE(15, 6, ROW(Kintoneデータ抽出!$K$2:$K$5000) / ((Kintoneデータ抽出!$K$2:$K$5000="院内")), ROW(A3))), "")} | I40: {=IFERROR(IF(INDEX(Kintoneデータ抽出!G:G, _xlfn.AGGREGATE(15, 6, ROW(Kintoneデータ抽出!$K$2:$K$5000) / ((Kintoneデータ抽出!$K$2:$K$5000="院内")), ROW(A3)))<>"",INDEX(Kintoneデータ抽出!G:G, _xlfn.AGGREGATE(15, 6, ROW(Kintoneデータ抽出!$K$2:$K$5000) / ((Kintoneデータ抽出!$K$2:$K$5000="院内")), ROW(A3)))&"名",""), "")} | J40: {=IFERROR(IF(INDEX(Kintoneデータ抽出!E:E, _xlfn.AGGREGATE(15, 6, ROW(Kintoneデータ抽出!$K$2:$K$5000) / ((Kintoneデータ抽出!$K$2:$K$5000="院内")), ROW(A3)))<>"", YEAR(INDEX(Kintoneデータ抽出!E:E, _xlfn.AGGREGATE(15, 6, ROW(Kintoneデータ抽出!$K$2:$K$5000) / ((Kintoneデータ抽出!$K$2:$K$5000="院内")), ROW(A3))))&"年" &MONTH(INDEX(Kintoneデータ抽出!E:E, _xlfn.AGGREGATE(15, 6, ROW(Kintoneデータ抽出!$K$2:$K$5000) / ((Kintoneデータ抽出!$K$2:$K$5000="院内")), ROW(A3))))&"月" &DAY(INDEX(Kintoneデータ抽出!E:E, _xlfn.AGGREGATE(15, 6, ROW(Kintoneデータ抽出!$K$2:$K$5000) /((Kintoneデータ抽出!$K$2:$K$5000="院内")), ROW(A3))))&"日",""), "")} | K40: {=IFERROR(IF(INDEX(Kintoneデータ抽出!F:F, _xlfn.AGGREGATE(15, 6, ROW(Kintoneデータ抽出!$K$2:$K$5000) / ((Kintoneデータ抽出!$K$2:$K$5000="院内")), ROW(A3)))<>"", VLOOKUP(INDEX(Kintoneデータ抽出!F:F, _xlfn.AGGREGATE(15, 6, ROW(Kintoneデータ抽出!$K$2:$K$5000) / ((Kintoneデータ抽出!$K$2:$K$5000="院内")), ROW(A3))),基本開園日の表記!$A$2:$B$13,2,FALSE),""), "")} | L40: {=IFERROR(IF(INDEX(Kintoneデータ抽出!F:F, _xlfn.AGGREGATE(15, 6, ROW(Kintoneデータ抽出!$K$2:$K$5000) / ((Kintoneデータ抽出!$K$2:$K$5000="院内")), ROW(A3)))<>"", IF(COUNTIF(INDEX(Kintoneデータ抽出!F:F, _xlfn.AGGREGATE(15, 6, ROW(Kintoneデータ抽出!$K$2:$K$5000) / ((Kintoneデータ抽出!$K$2:$K$5000="院内")), ROW(A3))),"*あり*"),"夜間",""),""), "")} | M40: {=IFERROR(IF(INDEX(Kintoneデータ抽出!I:I, _xlfn.AGGREGATE(15, 6, ROW(Kintoneデータ抽出!$K$2:$K$5000) / ((Kintoneデータ抽出!$K$2:$K$5000="院内")), ROW(A3)))<>"", IF(COUNTIF(INDEX(Kintoneデータ抽出!I:I, _xlfn.AGGREGATE(15, 6, ROW(Kintoneデータ抽出!$K$2:$K$5000) / ((Kintoneデータ抽出!$K$2:$K$5000="院内")), ROW(A3))),"*あり*"),"学童",""),""), "")} | N40: {=IFERROR(IF(INDEX(Kintoneデータ抽出!H:H, _xlfn.AGGREGATE(15, 6, ROW(Kintoneデータ抽出!$K$2:$K$5000) / ((Kintoneデータ抽出!$K$2:$K$5000="院内")), ROW(A3)))<>"", IF(COUNTIF(INDEX(Kintoneデータ抽出!H:H, _xlfn.AGGREGATE(15, 6, ROW(Kintoneデータ抽出!$K$2:$K$5000) / ((Kintoneデータ抽出!$K$2:$K$5000="院内")), ROW(A3))),"*あり*"),"病児",""),""), "")} | O40: {=IFERROR( IF(INDEX(Kintoneデータ抽出!M:M, _xlfn.AGGREGATE(15, 6, ROW(Kintoneデータ抽出!$K$2:$K$5000) / ((Kintoneデータ抽出!$K$2:$K$5000="院内")), ROW(A3)))<>0,INDEX(Kintoneデータ抽出!M:M, _xlfn.AGGREGATE(15, 6, ROW(Kintoneデータ抽出!$K$2:$K$5000) / ((Kintoneデータ抽出!$K$2:$K$5000="院内")), ROW(A3))),""), "")} | P40: {=IFERROR(IF(INDEX(Kintoneデータ抽出!L:L, _xlfn.AGGREGATE(15, 6, ROW(Kintoneデータ抽出!$K$2:$K$5000) / ((Kintoneデータ抽出!$K$2:$K$5000="院内")), ROW(A3)))<>"", IF(COUNTIF(INDEX(Kintoneデータ抽出!L:L, _xlfn.AGGREGATE(15, 6, ROW(Kintoneデータ抽出!$K$2:$K$5000) / ((Kintoneデータ抽出!$K$2:$K$5000="院内")), ROW(A3))),"*企業主導型以外*"),"", IF(COUNTIF(INDEX(Kintoneデータ抽出!L:L, _xlfn.AGGREGATE(15, 6, ROW(Kintoneデータ抽出!$K$2:$K$5000) / ((Kintoneデータ抽出!$K$2:$K$5000="院内")), ROW(A3))),"*その他*"),"", IF(COUNTIF(INDEX(Kintoneデータ抽出!L:L, _xlfn.AGGREGATE(15, 6, ROW(Kintoneデータ抽出!$K$2:$K$5000) / ((Kintoneデータ抽出!$K$2:$K$5000="院内")), ROW(A3))),"*新制度*"),"新制度","企業主導型"))),""), "")}
D41: =IF(H41<>"",D40+1,D40) | F41: {=IFERROR(INDEX(Kintoneデータ抽出!A:A, _xlfn.AGGREGATE(15, 6, ROW(Kintoneデータ抽出!$K$2:$K$5000) / ((Kintoneデータ抽出!$K$2:$K$5000="院内")), ROW(A4))), "")} | G41: {=IFERROR(INDEX(Kintoneデータ抽出!D:D, _xlfn.AGGREGATE(15, 6, ROW(Kintoneデータ抽出!$K$2:$K$5000) / ((Kintoneデータ抽出!$K$2:$K$5000="院内")), ROW(A4))), "")} | H41: {=IFERROR(INDEX(Kintoneデータ抽出!C:C, _xlfn.AGGREGATE(15, 6, ROW(Kintoneデータ抽出!$K$2:$K$5000) / ((Kintoneデータ抽出!$K$2:$K$5000="院内")), ROW(A4))), "")} | I41: {=IFERROR(IF(INDEX(Kintoneデータ抽出!G:G, _xlfn.AGGREGATE(15, 6, ROW(Kintoneデータ抽出!$K$2:$K$5000) / ((Kintoneデータ抽出!$K$2:$K$5000="院内")), ROW(A4)))<>"",INDEX(Kintoneデータ抽出!G:G, _xlfn.AGGREGATE(15, 6, ROW(Kintoneデータ抽出!$K$2:$K$5000) / ((Kintoneデータ抽出!$K$2:$K$5000="院内")), ROW(A4)))&"名",""), "")} | J41: {=IFERROR(IF(INDEX(Kintoneデータ抽出!E:E, _xlfn.AGGREGATE(15, 6, ROW(Kintoneデータ抽出!$K$2:$K$5000) / ((Kintoneデータ抽出!$K$2:$K$5000="院内")), ROW(A4)))<>"", YEAR(INDEX(Kintoneデータ抽出!E:E, _xlfn.AGGREGATE(15, 6, ROW(Kintoneデータ抽出!$K$2:$K$5000) / ((Kintoneデータ抽出!$K$2:$K$5000="院内")), ROW(A4))))&"年" &MONTH(INDEX(Kintoneデータ抽出!E:E, _xlfn.AGGREGATE(15, 6, ROW(Kintoneデータ抽出!$K$2:$K$5000) / ((Kintoneデータ抽出!$K$2:$K$5000="院内")), ROW(A4))))&"月" &DAY(INDEX(Kintoneデータ抽出!E:E, _xlfn.AGGREGATE(15, 6, ROW(Kintoneデータ抽出!$K$2:$K$5000) /((Kintoneデータ抽出!$K$2:$K$5000="院内")), ROW(A4))))&"日",""), "")} | K41: {=IFERROR(IF(INDEX(Kintoneデータ抽出!F:F, _xlfn.AGGREGATE(15, 6, ROW(Kintoneデータ抽出!$K$2:$K$5000) / ((Kintoneデータ抽出!$K$2:$K$5000="院内")), ROW(A4)))<>"", VLOOKUP(INDEX(Kintoneデータ抽出!F:F, _xlfn.AGGREGATE(15, 6, ROW(Kintoneデータ抽出!$K$2:$K$5000) / ((Kintoneデータ抽出!$K$2:$K$5000="院内")), ROW(A4))),基本開園日の表記!$A$2:$B$13,2,FALSE),""), "")} | L41: {=IFERROR(IF(INDEX(Kintoneデータ抽出!F:F, _xlfn.AGGREGATE(15, 6, ROW(Kintoneデータ抽出!$K$2:$K$5000) / ((Kintoneデータ抽出!$K$2:$K$5000="院内")), ROW(A4)))<>"", IF(COUNTIF(INDEX(Kintoneデータ抽出!F:F, _xlfn.AGGREGATE(15, 6, ROW(Kintoneデータ抽出!$K$2:$K$5000) / ((Kintoneデータ抽出!$K$2:$K$5000="院内")), ROW(A4))),"*あり*"),"夜間",""),""), "")} | M41: {=IFERROR(IF(INDEX(Kintoneデータ抽出!I:I, _xlfn.AGGREGATE(15, 6, ROW(Kintoneデータ抽出!$K$2:$K$5000) / ((Kintoneデータ抽出!$K$2:$K$5000="院内")), ROW(A4)))<>"", IF(COUNTIF(INDEX(Kintoneデータ抽出!I:I, _xlfn.AGGREGATE(15, 6, ROW(Kintoneデータ抽出!$K$2:$K$5000) / ((Kintoneデータ抽出!$K$2:$K$5000="院内")), ROW(A4))),"*あり*"),"学童",""),""), "")} | N41: {=IFERROR(IF(INDEX(Kintoneデータ抽出!H:H, _xlfn.AGGREGATE(15, 6, ROW(Kintoneデータ抽出!$K$2:$K$5000) / ((Kintoneデータ抽出!$K$2:$K$5000="院内")), ROW(A4)))<>"", IF(COUNTIF(INDEX(Kintoneデータ抽出!H:H, _xlfn.AGGREGATE(15, 6, ROW(Kintoneデータ抽出!$K$2:$K$5000) / ((Kintoneデータ抽出!$K$2:$K$5000="院内")), ROW(A4))),"*あり*"),"病児",""),""), "")} | O41: {=IFERROR( IF(INDEX(Kintoneデータ抽出!M:M, _xlfn.AGGREGATE(15, 6, ROW(Kintoneデータ抽出!$K$2:$K$5000) / ((Kintoneデータ抽出!$K$2:$K$5000="院内")), ROW(A4)))<>0,INDEX(Kintoneデータ抽出!M:M, _xlfn.AGGREGATE(15, 6, ROW(Kintoneデータ抽出!$K$2:$K$5000) / ((Kintoneデータ抽出!$K$2:$K$5000="院内")), ROW(A4))),""), "")} | P41: {=IFERROR(IF(INDEX(Kintoneデータ抽出!L:L, _xlfn.AGGREGATE(15, 6, ROW(Kintoneデータ抽出!$K$2:$K$5000) / ((Kintoneデータ抽出!$K$2:$K$5000="院内")), ROW(A4)))<>"", IF(COUNTIF(INDEX(Kintoneデータ抽出!L:L, _xlfn.AGGREGATE(15, 6, ROW(Kintoneデータ抽出!$K$2:$K$5000) / ((Kintoneデータ抽出!$K$2:$K$5000="院内")), ROW(A4))),"*企業主導型以外*"),"", IF(COUNTIF(INDEX(Kintoneデータ抽出!L:L, _xlfn.AGGREGATE(15, 6, ROW(Kintoneデータ抽出!$K$2:$K$5000) / ((Kintoneデータ抽出!$K$2:$K$5000="院内")), ROW(A4))),"*その他*"),"", IF(COUNTIF(INDEX(Kintoneデータ抽出!L:L, _xlfn.AGGREGATE(15, 6, ROW(Kintoneデータ抽出!$K$2:$K$5000) / ((Kintoneデータ抽出!$K$2:$K$5000="院内")), ROW(A4))),"*新制度*"),"新制度","企業主導型"))),""), "")}
D42: =IF(H42<>"",D41+1,D41) | F42: {=IFERROR(INDEX(Kintoneデータ抽出!A:A, _xlfn.AGGREGATE(15, 6, ROW(Kintoneデータ抽出!$K$2:$K$5000) / ((Kintoneデータ抽出!$K$2:$K$5000="院内")), ROW(A5))), "")} | G42: {=IFERROR(INDEX(Kintoneデータ抽出!D:D, _xlfn.AGGREGATE(15, 6, ROW(Kintoneデータ抽出!$K$2:$K$5000) / ((Kintoneデータ抽出!$K$2:$K$5000="院内")), ROW(A5))), "")} | H42: {=IFERROR(INDEX(Kintoneデータ抽出!C:C, _xlfn.AGGREGATE(15, 6, ROW(Kintoneデータ抽出!$K$2:$K$5000) / ((Kintoneデータ抽出!$K$2:$K$5000="院内")), ROW(A5))), "")} | I42: {=IFERROR(IF(INDEX(Kintoneデータ抽出!G:G, _xlfn.AGGREGATE(15, 6, ROW(Kintoneデータ抽出!$K$2:$K$5000) / ((Kintoneデータ抽出!$K$2:$K$5000="院内")), ROW(A5)))<>"",INDEX(Kintoneデータ抽出!G:G, _xlfn.AGGREGATE(15, 6, ROW(Kintoneデータ抽出!$K$2:$K$5000) / ((Kintoneデータ抽出!$K$2:$K$5000="院内")), ROW(A5)))&"名",""), "")} | J42: {=IFERROR(IF(INDEX(Kintoneデータ抽出!E:E, _xlfn.AGGREGATE(15, 6, ROW(Kintoneデータ抽出!$K$2:$K$5000) / ((Kintoneデータ抽出!$K$2:$K$5000="院内")), ROW(A5)))<>"", YEAR(INDEX(Kintoneデータ抽出!E:E, _xlfn.AGGREGATE(15, 6, ROW(Kintoneデータ抽出!$K$2:$K$5000) / ((Kintoneデータ抽出!$K$2:$K$5000="院内")), ROW(A5))))&"年" &MONTH(INDEX(Kintoneデータ抽出!E:E, _xlfn.AGGREGATE(15, 6, ROW(Kintoneデータ抽出!$K$2:$K$5000) / ((Kintoneデータ抽出!$K$2:$K$5000="院内")), ROW(A5))))&"月" &DAY(INDEX(Kintoneデータ抽出!E:E, _xlfn.AGGREGATE(15, 6, ROW(Kintoneデータ抽出!$K$2:$K$5000) /((Kintoneデータ抽出!$K$2:$K$5000="院内")), ROW(A5))))&"日",""), "")} | K42: {=IFERROR(IF(INDEX(Kintoneデータ抽出!F:F, _xlfn.AGGREGATE(15, 6, ROW(Kintoneデータ抽出!$K$2:$K$5000) / ((Kintoneデータ抽出!$K$2:$K$5000="院内")), ROW(A5)))<>"", VLOOKUP(INDEX(Kintoneデータ抽出!F:F, _xlfn.AGGREGATE(15, 6, ROW(Kintoneデータ抽出!$K$2:$K$5000) / ((Kintoneデータ抽出!$K$2:$K$5000="院内")), ROW(A5))),基本開園日の表記!$A$2:$B$13,2,FALSE),""), "")} | L42: {=IFERROR(IF(INDEX(Kintoneデータ抽出!F:F, _xlfn.AGGREGATE(15, 6, ROW(Kintoneデータ抽出!$K$2:$K$5000) / ((Kintoneデータ抽出!$K$2:$K$5000="院内")), ROW(A5)))<>"", IF(COUNTIF(INDEX(Kintoneデータ抽出!F:F, _xlfn.AGGREGATE(15, 6, ROW(Kintoneデータ抽出!$K$2:$K$5000) / ((Kintoneデータ抽出!$K$2:$K$5000="院内")), ROW(A5))),"*あり*"),"夜間",""),""), "")} | M42: {=IFERROR(IF(INDEX(Kintoneデータ抽出!I:I, _xlfn.AGGREGATE(15, 6, ROW(Kintoneデータ抽出!$K$2:$K$5000) / ((Kintoneデータ抽出!$K$2:$K$5000="院内")), ROW(A5)))<>"", IF(COUNTIF(INDEX(Kintoneデータ抽出!I:I, _xlfn.AGGREGATE(15, 6, ROW(Kintoneデータ抽出!$K$2:$K$5000) / ((Kintoneデータ抽出!$K$2:$K$5000="院内")), ROW(A5))),"*あり*"),"学童",""),""), "")} | N42: {=IFERROR(IF(INDEX(Kintoneデータ抽出!H:H, _xlfn.AGGREGATE(15, 6, ROW(Kintoneデータ抽出!$K$2:$K$5000) / ((Kintoneデータ抽出!$K$2:$K$5000="院内")), ROW(A5)))<>"", IF(COUNTIF(INDEX(Kintoneデータ抽出!H:H, _xlfn.AGGREGATE(15, 6, ROW(Kintoneデータ抽出!$K$2:$K$5000) / ((Kintoneデータ抽出!$K$2:$K$5000="院内")), ROW(A5))),"*あり*"),"病児",""),""), "")} | O42: {=IFERROR( IF(INDEX(Kintoneデータ抽出!M:M, _xlfn.AGGREGATE(15, 6, ROW(Kintoneデータ抽出!$K$2:$K$5000) / ((Kintoneデータ抽出!$K$2:$K$5000="院内")), ROW(A5)))<>0,INDEX(Kintoneデータ抽出!M:M, _xlfn.AGGREGATE(15, 6, ROW(Kintoneデータ抽出!$K$2:$K$5000) / ((Kintoneデータ抽出!$K$2:$K$5000="院内")), ROW(A5))),""), "")} | P42: {=IFERROR(IF(INDEX(Kintoneデータ抽出!L:L, _xlfn.AGGREGATE(15, 6, ROW(Kintoneデータ抽出!$K$2:$K$5000) / ((Kintoneデータ抽出!$K$2:$K$5000="院内")), ROW(A5)))<>"", IF(COUNTIF(INDEX(Kintoneデータ抽出!L:L, _xlfn.AGGREGATE(15, 6, ROW(Kintoneデータ抽出!$K$2:$K$5000) / ((Kintoneデータ抽出!$K$2:$K$5000="院内")), ROW(A5))),"*企業主導型以外*"),"", IF(COUNTIF(INDEX(Kintoneデータ抽出!L:L, _xlfn.AGGREGATE(15, 6, ROW(Kintoneデータ抽出!$K$2:$K$5000) / ((Kintoneデータ抽出!$K$2:$K$5000="院内")), ROW(A5))),"*その他*"),"", IF(COUNTIF(INDEX(Kintoneデータ抽出!L:L, _xlfn.AGGREGATE(15, 6, ROW(Kintoneデータ抽出!$K$2:$K$5000) / ((Kintoneデータ抽出!$K$2:$K$5000="院内")), ROW(A5))),"*新制度*"),"新制度","企業主導型"))),""), "")}
D43: =IF(H43<>"",D42+1,D42) | F43: {=IFERROR(INDEX(Kintoneデータ抽出!A:A, _xlfn.AGGREGATE(15, 6, ROW(Kintoneデータ抽出!$K$2:$K$5000) / ((Kintoneデータ抽出!$K$2:$K$5000="院内")), ROW(A6))), "")} | G43: {=IFERROR(INDEX(Kintoneデータ抽出!D:D, _xlfn.AGGREGATE(15, 6, ROW(Kintoneデータ抽出!$K$2:$K$5000) / ((Kintoneデータ抽出!$K$2:$K$5000="院内")), ROW(A6))), "")} | H43: {=IFERROR(INDEX(Kintoneデータ抽出!C:C, _xlfn.AGGREGATE(15, 6, ROW(Kintoneデータ抽出!$K$2:$K$5000) / ((Kintoneデータ抽出!$K$2:$K$5000="院内")), ROW(A6))), "")} | I43: {=IFERROR(IF(INDEX(Kintoneデータ抽出!G:G, _xlfn.AGGREGATE(15, 6, ROW(Kintoneデータ抽出!$K$2:$K$5000) / ((Kintoneデータ抽出!$K$2:$K$5000="院内")), ROW(A6)))<>"",INDEX(Kintoneデータ抽出!G:G, _xlfn.AGGREGATE(15, 6, ROW(Kintoneデータ抽出!$K$2:$K$5000) / ((Kintoneデータ抽出!$K$2:$K$5000="院内")), ROW(A6)))&"名",""), "")} | J43: {=IFERROR(IF(INDEX(Kintoneデータ抽出!E:E, _xlfn.AGGREGATE(15, 6, ROW(Kintoneデータ抽出!$K$2:$K$5000) / ((Kintoneデータ抽出!$K$2:$K$5000="院内")), ROW(A6)))<>"", YEAR(INDEX(Kintoneデータ抽出!E:E, _xlfn.AGGREGATE(15, 6, ROW(Kintoneデータ抽出!$K$2:$K$5000) / ((Kintoneデータ抽出!$K$2:$K$5000="院内")), ROW(A6))))&"年" &MONTH(INDEX(Kintoneデータ抽出!E:E, _xlfn.AGGREGATE(15, 6, ROW(Kintoneデータ抽出!$K$2:$K$5000) / ((Kintoneデータ抽出!$K$2:$K$5000="院内")), ROW(A6))))&"月" &DAY(INDEX(Kintoneデータ抽出!E:E, _xlfn.AGGREGATE(15, 6, ROW(Kintoneデータ抽出!$K$2:$K$5000) /((Kintoneデータ抽出!$K$2:$K$5000="院内")), ROW(A6))))&"日",""), "")} | K43: {=IFERROR(IF(INDEX(Kintoneデータ抽出!F:F, _xlfn.AGGREGATE(15, 6, ROW(Kintoneデータ抽出!$K$2:$K$5000) / ((Kintoneデータ抽出!$K$2:$K$5000="院内")), ROW(A6)))<>"", VLOOKUP(INDEX(Kintoneデータ抽出!F:F, _xlfn.AGGREGATE(15, 6, ROW(Kintoneデータ抽出!$K$2:$K$5000) / ((Kintoneデータ抽出!$K$2:$K$5000="院内")), ROW(A6))),基本開園日の表記!$A$2:$B$13,2,FALSE),""), "")} | L43: {=IFERROR(IF(INDEX(Kintoneデータ抽出!F:F, _xlfn.AGGREGATE(15, 6, ROW(Kintoneデータ抽出!$K$2:$K$5000) / ((Kintoneデータ抽出!$K$2:$K$5000="院内")), ROW(A6)))<>"", IF(COUNTIF(INDEX(Kintoneデータ抽出!F:F, _xlfn.AGGREGATE(15, 6, ROW(Kintoneデータ抽出!$K$2:$K$5000) / ((Kintoneデータ抽出!$K$2:$K$5000="院内")), ROW(A6))),"*あり*"),"夜間",""),""), "")} | M43: {=IFERROR(IF(INDEX(Kintoneデータ抽出!I:I, _xlfn.AGGREGATE(15, 6, ROW(Kintoneデータ抽出!$K$2:$K$5000) / ((Kintoneデータ抽出!$K$2:$K$5000="院内")), ROW(A6)))<>"", IF(COUNTIF(INDEX(Kintoneデータ抽出!I:I, _xlfn.AGGREGATE(15, 6, ROW(Kintoneデータ抽出!$K$2:$K$5000) / ((Kintoneデータ抽出!$K$2:$K$5000="院内")), ROW(A6))),"*あり*"),"学童",""),""), "")} | N43: {=IFERROR(IF(INDEX(Kintoneデータ抽出!H:H, _xlfn.AGGREGATE(15, 6, ROW(Kintoneデータ抽出!$K$2:$K$5000) / ((Kintoneデータ抽出!$K$2:$K$5000="院内")), ROW(A6)))<>"", IF(COUNTIF(INDEX(Kintoneデータ抽出!H:H, _xlfn.AGGREGATE(15, 6, ROW(Kintoneデータ抽出!$K$2:$K$5000) / ((Kintoneデータ抽出!$K$2:$K$5000="院内")), ROW(A6))),"*あり*"),"病児",""),""), "")} | O43: {=IFERROR( IF(INDEX(Kintoneデータ抽出!M:M, _xlfn.AGGREGATE(15, 6, ROW(Kintoneデータ抽出!$K$2:$K$5000) / ((Kintoneデータ抽出!$K$2:$K$5000="院内")), ROW(A6)))<>0,INDEX(Kintoneデータ抽出!M:M, _xlfn.AGGREGATE(15, 6, ROW(Kintoneデータ抽出!$K$2:$K$5000) / ((Kintoneデータ抽出!$K$2:$K$5000="院内")), ROW(A6))),""), "")} | P43: {=IFERROR(IF(INDEX(Kintoneデータ抽出!L:L, _xlfn.AGGREGATE(15, 6, ROW(Kintoneデータ抽出!$K$2:$K$5000) / ((Kintoneデータ抽出!$K$2:$K$5000="院内")), ROW(A6)))<>"", IF(COUNTIF(INDEX(Kintoneデータ抽出!L:L, _xlfn.AGGREGATE(15, 6, ROW(Kintoneデータ抽出!$K$2:$K$5000) / ((Kintoneデータ抽出!$K$2:$K$5000="院内")), ROW(A6))),"*企業主導型以外*"),"", IF(COUNTIF(INDEX(Kintoneデータ抽出!L:L, _xlfn.AGGREGATE(15, 6, ROW(Kintoneデータ抽出!$K$2:$K$5000) / ((Kintoneデータ抽出!$K$2:$K$5000="院内")), ROW(A6))),"*その他*"),"", IF(COUNTIF(INDEX(Kintoneデータ抽出!L:L, _xlfn.AGGREGATE(15, 6, ROW(Kintoneデータ抽出!$K$2:$K$5000) / ((Kintoneデータ抽出!$K$2:$K$5000="院内")), ROW(A6))),"*新制度*"),"新制度","企業主導型"))),""), "")}
D44: =IF(H44<>"",D43+1,D43) | F44: {=IFERROR(INDEX(Kintoneデータ抽出!A:A, _xlfn.AGGREGATE(15, 6, ROW(Kintoneデータ抽出!$K$2:$K$5000) / ((Kintoneデータ抽出!$K$2:$K$5000="院内")), ROW(A7))), "")} | G44: {=IFERROR(INDEX(Kintoneデータ抽出!D:D, _xlfn.AGGREGATE(15, 6, ROW(Kintoneデータ抽出!$K$2:$K$5000) / ((Kintoneデータ抽出!$K$2:$K$5000="院内")), ROW(A7))), "")} | H44: {=IFERROR(INDEX(Kintoneデータ抽出!C:C, _xlfn.AGGREGATE(15, 6, ROW(Kintoneデータ抽出!$K$2:$K$5000) / ((Kintoneデータ抽出!$K$2:$K$5000="院内")), ROW(A7))), "")} | I44: {=IFERROR(IF(INDEX(Kintoneデータ抽出!G:G, _xlfn.AGGREGATE(15, 6, ROW(Kintoneデータ抽出!$K$2:$K$5000) / ((Kintoneデータ抽出!$K$2:$K$5000="院内")), ROW(A7)))<>"",INDEX(Kintoneデータ抽出!G:G, _xlfn.AGGREGATE(15, 6, ROW(Kintoneデータ抽出!$K$2:$K$5000) / ((Kintoneデータ抽出!$K$2:$K$5000="院内")), ROW(A7)))&"名",""), "")} | J44: {=IFERROR(IF(INDEX(Kintoneデータ抽出!E:E, _xlfn.AGGREGATE(15, 6, ROW(Kintoneデータ抽出!$K$2:$K$5000) / ((Kintoneデータ抽出!$K$2:$K$5000="院内")), ROW(A7)))<>"", YEAR(INDEX(Kintoneデータ抽出!E:E, _xlfn.AGGREGATE(15, 6, ROW(Kintoneデータ抽出!$K$2:$K$5000) / ((Kintoneデータ抽出!$K$2:$K$5000="院内")), ROW(A7))))&"年" &MONTH(INDEX(Kintoneデータ抽出!E:E, _xlfn.AGGREGATE(15, 6, ROW(Kintoneデータ抽出!$K$2:$K$5000) / ((Kintoneデータ抽出!$K$2:$K$5000="院内")), ROW(A7))))&"月" &DAY(INDEX(Kintoneデータ抽出!E:E, _xlfn.AGGREGATE(15, 6, ROW(Kintoneデータ抽出!$K$2:$K$5000) /((Kintoneデータ抽出!$K$2:$K$5000="院内")), ROW(A7))))&"日",""), "")} | K44: {=IFERROR(IF(INDEX(Kintoneデータ抽出!F:F, _xlfn.AGGREGATE(15, 6, ROW(Kintoneデータ抽出!$K$2:$K$5000) / ((Kintoneデータ抽出!$K$2:$K$5000="院内")), ROW(A7)))<>"", VLOOKUP(INDEX(Kintoneデータ抽出!F:F, _xlfn.AGGREGATE(15, 6, ROW(Kintoneデータ抽出!$K$2:$K$5000) / ((Kintoneデータ抽出!$K$2:$K$5000="院内")), ROW(A7))),基本開園日の表記!$A$2:$B$13,2,FALSE),""), "")} | L44: {=IFERROR(IF(INDEX(Kintoneデータ抽出!F:F, _xlfn.AGGREGATE(15, 6, ROW(Kintoneデータ抽出!$K$2:$K$5000) / ((Kintoneデータ抽出!$K$2:$K$5000="院内")), ROW(A7)))<>"", IF(COUNTIF(INDEX(Kintoneデータ抽出!F:F, _xlfn.AGGREGATE(15, 6, ROW(Kintoneデータ抽出!$K$2:$K$5000) / ((Kintoneデータ抽出!$K$2:$K$5000="院内")), ROW(A7))),"*あり*"),"夜間",""),""), "")} | M44: {=IFERROR(IF(INDEX(Kintoneデータ抽出!I:I, _xlfn.AGGREGATE(15, 6, ROW(Kintoneデータ抽出!$K$2:$K$5000) / ((Kintoneデータ抽出!$K$2:$K$5000="院内")), ROW(A7)))<>"", IF(COUNTIF(INDEX(Kintoneデータ抽出!I:I, _xlfn.AGGREGATE(15, 6, ROW(Kintoneデータ抽出!$K$2:$K$5000) / ((Kintoneデータ抽出!$K$2:$K$5000="院内")), ROW(A7))),"*あり*"),"学童",""),""), "")} | N44: {=IFERROR(IF(INDEX(Kintoneデータ抽出!H:H, _xlfn.AGGREGATE(15, 6, ROW(Kintoneデータ抽出!$K$2:$K$5000) / ((Kintoneデータ抽出!$K$2:$K$5000="院内")), ROW(A7)))<>"", IF(COUNTIF(INDEX(Kintoneデータ抽出!H:H, _xlfn.AGGREGATE(15, 6, ROW(Kintoneデータ抽出!$K$2:$K$5000) / ((Kintoneデータ抽出!$K$2:$K$5000="院内")), ROW(A7))),"*あり*"),"病児",""),""), "")} | O44: {=IFERROR( IF(INDEX(Kintoneデータ抽出!M:M, _xlfn.AGGREGATE(15, 6, ROW(Kintoneデータ抽出!$K$2:$K$5000) / ((Kintoneデータ抽出!$K$2:$K$5000="院内")), ROW(A7)))<>0,INDEX(Kintoneデータ抽出!M:M, _xlfn.AGGREGATE(15, 6, ROW(Kintoneデータ抽出!$K$2:$K$5000) / ((Kintoneデータ抽出!$K$2:$K$5000="院内")), ROW(A7))),""), "")} | P44: {=IFERROR(IF(INDEX(Kintoneデータ抽出!L:L, _xlfn.AGGREGATE(15, 6, ROW(Kintoneデータ抽出!$K$2:$K$5000) / ((Kintoneデータ抽出!$K$2:$K$5000="院内")), ROW(A7)))<>"", IF(COUNTIF(INDEX(Kintoneデータ抽出!L:L, _xlfn.AGGREGATE(15, 6, ROW(Kintoneデータ抽出!$K$2:$K$5000) / ((Kintoneデータ抽出!$K$2:$K$5000="院内")), ROW(A7))),"*企業主導型以外*"),"", IF(COUNTIF(INDEX(Kintoneデータ抽出!L:L, _xlfn.AGGREGATE(15, 6, ROW(Kintoneデータ抽出!$K$2:$K$5000) / ((Kintoneデータ抽出!$K$2:$K$5000="院内")), ROW(A7))),"*その他*"),"", IF(COUNTIF(INDEX(Kintoneデータ抽出!L:L, _xlfn.AGGREGATE(15, 6, ROW(Kintoneデータ抽出!$K$2:$K$5000) / ((Kintoneデータ抽出!$K$2:$K$5000="院内")), ROW(A7))),"*新制度*"),"新制度","企業主導型"))),""), "")}
D45: =IF(H45<>"",D44+1,D44) | F45: {=IFERROR(INDEX(Kintoneデータ抽出!A:A, _xlfn.AGGREGATE(15, 6, ROW(Kintoneデータ抽出!$K$2:$K$5000) / ((Kintoneデータ抽出!$K$2:$K$5000="院内")), ROW(A8))), "")} | G45: {=IFERROR(INDEX(Kintoneデータ抽出!D:D, _xlfn.AGGREGATE(15, 6, ROW(Kintoneデータ抽出!$K$2:$K$5000) / ((Kintoneデータ抽出!$K$2:$K$5000="院内")), ROW(A8))), "")} | H45: {=IFERROR(INDEX(Kintoneデータ抽出!C:C, _xlfn.AGGREGATE(15, 6, ROW(Kintoneデータ抽出!$K$2:$K$5000) / ((Kintoneデータ抽出!$K$2:$K$5000="院内")), ROW(A8))), "")} | I45: {=IFERROR(IF(INDEX(Kintoneデータ抽出!G:G, _xlfn.AGGREGATE(15, 6, ROW(Kintoneデータ抽出!$K$2:$K$5000) / ((Kintoneデータ抽出!$K$2:$K$5000="院内")), ROW(A8)))<>"",INDEX(Kintoneデータ抽出!G:G, _xlfn.AGGREGATE(15, 6, ROW(Kintoneデータ抽出!$K$2:$K$5000) / ((Kintoneデータ抽出!$K$2:$K$5000="院内")), ROW(A8)))&"名",""), "")} | J45: {=IFERROR(IF(INDEX(Kintoneデータ抽出!E:E, _xlfn.AGGREGATE(15, 6, ROW(Kintoneデータ抽出!$K$2:$K$5000) / ((Kintoneデータ抽出!$K$2:$K$5000="院内")), ROW(A8)))<>"", YEAR(INDEX(Kintoneデータ抽出!E:E, _xlfn.AGGREGATE(15, 6, ROW(Kintoneデータ抽出!$K$2:$K$5000) / ((Kintoneデータ抽出!$K$2:$K$5000="院内")), ROW(A8))))&"年" &MONTH(INDEX(Kintoneデータ抽出!E:E, _xlfn.AGGREGATE(15, 6, ROW(Kintoneデータ抽出!$K$2:$K$5000) / ((Kintoneデータ抽出!$K$2:$K$5000="院内")), ROW(A8))))&"月" &DAY(INDEX(Kintoneデータ抽出!E:E, _xlfn.AGGREGATE(15, 6, ROW(Kintoneデータ抽出!$K$2:$K$5000) /((Kintoneデータ抽出!$K$2:$K$5000="院内")), ROW(A8))))&"日",""), "")} | K45: {=IFERROR(IF(INDEX(Kintoneデータ抽出!F:F, _xlfn.AGGREGATE(15, 6, ROW(Kintoneデータ抽出!$K$2:$K$5000) / ((Kintoneデータ抽出!$K$2:$K$5000="院内")), ROW(A8)))<>"", VLOOKUP(INDEX(Kintoneデータ抽出!F:F, _xlfn.AGGREGATE(15, 6, ROW(Kintoneデータ抽出!$K$2:$K$5000) / ((Kintoneデータ抽出!$K$2:$K$5000="院内")), ROW(A8))),基本開園日の表記!$A$2:$B$13,2,FALSE),""), "")} | L45: {=IFERROR(IF(INDEX(Kintoneデータ抽出!F:F, _xlfn.AGGREGATE(15, 6, ROW(Kintoneデータ抽出!$K$2:$K$5000) / ((Kintoneデータ抽出!$K$2:$K$5000="院内")), ROW(A8)))<>"", IF(COUNTIF(INDEX(Kintoneデータ抽出!F:F, _xlfn.AGGREGATE(15, 6, ROW(Kintoneデータ抽出!$K$2:$K$5000) / ((Kintoneデータ抽出!$K$2:$K$5000="院内")), ROW(A8))),"*あり*"),"夜間",""),""), "")} | M45: {=IFERROR(IF(INDEX(Kintoneデータ抽出!I:I, _xlfn.AGGREGATE(15, 6, ROW(Kintoneデータ抽出!$K$2:$K$5000) / ((Kintoneデータ抽出!$K$2:$K$5000="院内")), ROW(A8)))<>"", IF(COUNTIF(INDEX(Kintoneデータ抽出!I:I, _xlfn.AGGREGATE(15, 6, ROW(Kintoneデータ抽出!$K$2:$K$5000) / ((Kintoneデータ抽出!$K$2:$K$5000="院内")), ROW(A8))),"*あり*"),"学童",""),""), "")} | N45: {=IFERROR(IF(INDEX(Kintoneデータ抽出!H:H, _xlfn.AGGREGATE(15, 6, ROW(Kintoneデータ抽出!$K$2:$K$5000) / ((Kintoneデータ抽出!$K$2:$K$5000="院内")), ROW(A8)))<>"", IF(COUNTIF(INDEX(Kintoneデータ抽出!H:H, _xlfn.AGGREGATE(15, 6, ROW(Kintoneデータ抽出!$K$2:$K$5000) / ((Kintoneデータ抽出!$K$2:$K$5000="院内")), ROW(A8))),"*あり*"),"病児",""),""), "")} | O45: {=IFERROR( IF(INDEX(Kintoneデータ抽出!M:M, _xlfn.AGGREGATE(15, 6, ROW(Kintoneデータ抽出!$K$2:$K$5000) / ((Kintoneデータ抽出!$K$2:$K$5000="院内")), ROW(A8)))<>0,INDEX(Kintoneデータ抽出!M:M, _xlfn.AGGREGATE(15, 6, ROW(Kintoneデータ抽出!$K$2:$K$5000) / ((Kintoneデータ抽出!$K$2:$K$5000="院内")), ROW(A8))),""), "")} | P45: {=IFERROR(IF(INDEX(Kintoneデータ抽出!L:L, _xlfn.AGGREGATE(15, 6, ROW(Kintoneデータ抽出!$K$2:$K$5000) / ((Kintoneデータ抽出!$K$2:$K$5000="院内")), ROW(A8)))<>"", IF(COUNTIF(INDEX(Kintoneデータ抽出!L:L, _xlfn.AGGREGATE(15, 6, ROW(Kintoneデータ抽出!$K$2:$K$5000) / ((Kintoneデータ抽出!$K$2:$K$5000="院内")), ROW(A8))),"*企業主導型以外*"),"", IF(COUNTIF(INDEX(Kintoneデータ抽出!L:L, _xlfn.AGGREGATE(15, 6, ROW(Kintoneデータ抽出!$K$2:$K$5000) / ((Kintoneデータ抽出!$K$2:$K$5000="院内")), ROW(A8))),"*その他*"),"", IF(COUNTIF(INDEX(Kintoneデータ抽出!L:L, _xlfn.AGGREGATE(15, 6, ROW(Kintoneデータ抽出!$K$2:$K$5000) / ((Kintoneデータ抽出!$K$2:$K$5000="院内")), ROW(A8))),"*新制度*"),"新制度","企業主導型"))),""), "")}
D46: =IF(H46<>"",D45+1,D45) | F46: {=IFERROR(INDEX(Kintoneデータ抽出!A:A, _xlfn.AGGREGATE(15, 6, ROW(Kintoneデータ抽出!$K$2:$K$5000) / ((Kintoneデータ抽出!$K$2:$K$5000="院内")), ROW(A9))), "")} | G46: {=IFERROR(INDEX(Kintoneデータ抽出!D:D, _xlfn.AGGREGATE(15, 6, ROW(Kintoneデータ抽出!$K$2:$K$5000) / ((Kintoneデータ抽出!$K$2:$K$5000="院内")), ROW(A9))), "")} | H46: {=IFERROR(INDEX(Kintoneデータ抽出!C:C, _xlfn.AGGREGATE(15, 6, ROW(Kintoneデータ抽出!$K$2:$K$5000) / ((Kintoneデータ抽出!$K$2:$K$5000="院内")), ROW(A9))), "")} | I46: {=IFERROR(IF(INDEX(Kintoneデータ抽出!G:G, _xlfn.AGGREGATE(15, 6, ROW(Kintoneデータ抽出!$K$2:$K$5000) / ((Kintoneデータ抽出!$K$2:$K$5000="院内")), ROW(A9)))<>"",INDEX(Kintoneデータ抽出!G:G, _xlfn.AGGREGATE(15, 6, ROW(Kintoneデータ抽出!$K$2:$K$5000) / ((Kintoneデータ抽出!$K$2:$K$5000="院内")), ROW(A9)))&"名",""), "")} | J46: {=IFERROR(IF(INDEX(Kintoneデータ抽出!E:E, _xlfn.AGGREGATE(15, 6, ROW(Kintoneデータ抽出!$K$2:$K$5000) / ((Kintoneデータ抽出!$K$2:$K$5000="院内")), ROW(A9)))<>"", YEAR(INDEX(Kintoneデータ抽出!E:E, _xlfn.AGGREGATE(15, 6, ROW(Kintoneデータ抽出!$K$2:$K$5000) / ((Kintoneデータ抽出!$K$2:$K$5000="院内")), ROW(A9))))&"年" &MONTH(INDEX(Kintoneデータ抽出!E:E, _xlfn.AGGREGATE(15, 6, ROW(Kintoneデータ抽出!$K$2:$K$5000) / ((Kintoneデータ抽出!$K$2:$K$5000="院内")), ROW(A9))))&"月" &DAY(INDEX(Kintoneデータ抽出!E:E, _xlfn.AGGREGATE(15, 6, ROW(Kintoneデータ抽出!$K$2:$K$5000) /((Kintoneデータ抽出!$K$2:$K$5000="院内")), ROW(A9))))&"日",""), "")} | K46: {=IFERROR(IF(INDEX(Kintoneデータ抽出!F:F, _xlfn.AGGREGATE(15, 6, ROW(Kintoneデータ抽出!$K$2:$K$5000) / ((Kintoneデータ抽出!$K$2:$K$5000="院内")), ROW(A9)))<>"", VLOOKUP(INDEX(Kintoneデータ抽出!F:F, _xlfn.AGGREGATE(15, 6, ROW(Kintoneデータ抽出!$K$2:$K$5000) / ((Kintoneデータ抽出!$K$2:$K$5000="院内")), ROW(A9))),基本開園日の表記!$A$2:$B$13,2,FALSE),""), "")} | L46: {=IFERROR(IF(INDEX(Kintoneデータ抽出!F:F, _xlfn.AGGREGATE(15, 6, ROW(Kintoneデータ抽出!$K$2:$K$5000) / ((Kintoneデータ抽出!$K$2:$K$5000="院内")), ROW(A9)))<>"", IF(COUNTIF(INDEX(Kintoneデータ抽出!F:F, _xlfn.AGGREGATE(15, 6, ROW(Kintoneデータ抽出!$K$2:$K$5000) / ((Kintoneデータ抽出!$K$2:$K$5000="院内")), ROW(A9))),"*あり*"),"夜間",""),""), "")} | M46: {=IFERROR(IF(INDEX(Kintoneデータ抽出!I:I, _xlfn.AGGREGATE(15, 6, ROW(Kintoneデータ抽出!$K$2:$K$5000) / ((Kintoneデータ抽出!$K$2:$K$5000="院内")), ROW(A9)))<>"", IF(COUNTIF(INDEX(Kintoneデータ抽出!I:I, _xlfn.AGGREGATE(15, 6, ROW(Kintoneデータ抽出!$K$2:$K$5000) / ((Kintoneデータ抽出!$K$2:$K$5000="院内")), ROW(A9))),"*あり*"),"学童",""),""), "")} | N46: {=IFERROR(IF(INDEX(Kintoneデータ抽出!H:H, _xlfn.AGGREGATE(15, 6, ROW(Kintoneデータ抽出!$K$2:$K$5000) / ((Kintoneデータ抽出!$K$2:$K$5000="院内")), ROW(A9)))<>"", IF(COUNTIF(INDEX(Kintoneデータ抽出!H:H, _xlfn.AGGREGATE(15, 6, ROW(Kintoneデータ抽出!$K$2:$K$5000) / ((Kintoneデータ抽出!$K$2:$K$5000="院内")), ROW(A9))),"*あり*"),"病児",""),""), "")} | O46: {=IFERROR( IF(INDEX(Kintoneデータ抽出!M:M, _xlfn.AGGREGATE(15, 6, ROW(Kintoneデータ抽出!$K$2:$K$5000) / ((Kintoneデータ抽出!$K$2:$K$5000="院内")), ROW(A9)))<>0,INDEX(Kintoneデータ抽出!M:M, _xlfn.AGGREGATE(15, 6, ROW(Kintoneデータ抽出!$K$2:$K$5000) / ((Kintoneデータ抽出!$K$2:$K$5000="院内")), ROW(A9))),""), "")} | P46: {=IFERROR(IF(INDEX(Kintoneデータ抽出!L:L, _xlfn.AGGREGATE(15, 6, ROW(Kintoneデータ抽出!$K$2:$K$5000) / ((Kintoneデータ抽出!$K$2:$K$5000="院内")), ROW(A9)))<>"", IF(COUNTIF(INDEX(Kintoneデータ抽出!L:L, _xlfn.AGGREGATE(15, 6, ROW(Kintoneデータ抽出!$K$2:$K$5000) / ((Kintoneデータ抽出!$K$2:$K$5000="院内")), ROW(A9))),"*企業主導型以外*"),"", IF(COUNTIF(INDEX(Kintoneデータ抽出!L:L, _xlfn.AGGREGATE(15, 6, ROW(Kintoneデータ抽出!$K$2:$K$5000) / ((Kintoneデータ抽出!$K$2:$K$5000="院内")), ROW(A9))),"*その他*"),"", IF(COUNTIF(INDEX(Kintoneデータ抽出!L:L, _xlfn.AGGREGATE(15, 6, ROW(Kintoneデータ抽出!$K$2:$K$5000) / ((Kintoneデータ抽出!$K$2:$K$5000="院内")), ROW(A9))),"*新制度*"),"新制度","企業主導型"))),""), "")}
D47: =IF(H47<>"",D46+1,D46) | F47: {=IFERROR(INDEX(Kintoneデータ抽出!A:A, _xlfn.AGGREGATE(15, 6, ROW(Kintoneデータ抽出!$K$2:$K$5000) / ((Kintoneデータ抽出!$K$2:$K$5000="院内")), ROW(A10))), "")} | G47: {=IFERROR(INDEX(Kintoneデータ抽出!D:D, _xlfn.AGGREGATE(15, 6, ROW(Kintoneデータ抽出!$K$2:$K$5000) / ((Kintoneデータ抽出!$K$2:$K$5000="院内")), ROW(A10))), "")} | H47: {=IFERROR(INDEX(Kintoneデータ抽出!C:C, _xlfn.AGGREGATE(15, 6, ROW(Kintoneデータ抽出!$K$2:$K$5000) / ((Kintoneデータ抽出!$K$2:$K$5000="院内")), ROW(A10))), "")} | I47: {=IFERROR(IF(INDEX(Kintoneデータ抽出!G:G, _xlfn.AGGREGATE(15, 6, ROW(Kintoneデータ抽出!$K$2:$K$5000) / ((Kintoneデータ抽出!$K$2:$K$5000="院内")), ROW(A10)))<>"",INDEX(Kintoneデータ抽出!G:G, _xlfn.AGGREGATE(15, 6, ROW(Kintoneデータ抽出!$K$2:$K$5000) / ((Kintoneデータ抽出!$K$2:$K$5000="院内")), ROW(A10)))&"名",""), "")} | J47: {=IFERROR(IF(INDEX(Kintoneデータ抽出!E:E, _xlfn.AGGREGATE(15, 6, ROW(Kintoneデータ抽出!$K$2:$K$5000) / ((Kintoneデータ抽出!$K$2:$K$5000="院内")), ROW(A10)))<>"", YEAR(INDEX(Kintoneデータ抽出!E:E, _xlfn.AGGREGATE(15, 6, ROW(Kintoneデータ抽出!$K$2:$K$5000) / ((Kintoneデータ抽出!$K$2:$K$5000="院内")), ROW(A10))))&"年" &MONTH(INDEX(Kintoneデータ抽出!E:E, _xlfn.AGGREGATE(15, 6, ROW(Kintoneデータ抽出!$K$2:$K$5000) / ((Kintoneデータ抽出!$K$2:$K$5000="院内")), ROW(A10))))&"月" &DAY(INDEX(Kintoneデータ抽出!E:E, _xlfn.AGGREGATE(15, 6, ROW(Kintoneデータ抽出!$K$2:$K$5000) /((Kintoneデータ抽出!$K$2:$K$5000="院内")), ROW(A10))))&"日",""), "")} | K47: {=IFERROR(IF(INDEX(Kintoneデータ抽出!F:F, _xlfn.AGGREGATE(15, 6, ROW(Kintoneデータ抽出!$K$2:$K$5000) / ((Kintoneデータ抽出!$K$2:$K$5000="院内")), ROW(A10)))<>"", VLOOKUP(INDEX(Kintoneデータ抽出!F:F, _xlfn.AGGREGATE(15, 6, ROW(Kintoneデータ抽出!$K$2:$K$5000) / ((Kintoneデータ抽出!$K$2:$K$5000="院内")), ROW(A10))),基本開園日の表記!$A$2:$B$13,2,FALSE),""), "")} | L47: {=IFERROR(IF(INDEX(Kintoneデータ抽出!F:F, _xlfn.AGGREGATE(15, 6, ROW(Kintoneデータ抽出!$K$2:$K$5000) / ((Kintoneデータ抽出!$K$2:$K$5000="院内")), ROW(A10)))<>"", IF(COUNTIF(INDEX(Kintoneデータ抽出!F:F, _xlfn.AGGREGATE(15, 6, ROW(Kintoneデータ抽出!$K$2:$K$5000) / ((Kintoneデータ抽出!$K$2:$K$5000="院内")), ROW(A10))),"*あり*"),"夜間",""),""), "")} | M47: {=IFERROR(IF(INDEX(Kintoneデータ抽出!I:I, _xlfn.AGGREGATE(15, 6, ROW(Kintoneデータ抽出!$K$2:$K$5000) / ((Kintoneデータ抽出!$K$2:$K$5000="院内")), ROW(A10)))<>"", IF(COUNTIF(INDEX(Kintoneデータ抽出!I:I, _xlfn.AGGREGATE(15, 6, ROW(Kintoneデータ抽出!$K$2:$K$5000) / ((Kintoneデータ抽出!$K$2:$K$5000="院内")), ROW(A10))),"*あり*"),"学童",""),""), "")} | N47: {=IFERROR(IF(INDEX(Kintoneデータ抽出!H:H, _xlfn.AGGREGATE(15, 6, ROW(Kintoneデータ抽出!$K$2:$K$5000) / ((Kintoneデータ抽出!$K$2:$K$5000="院内")), ROW(A10)))<>"", IF(COUNTIF(INDEX(Kintoneデータ抽出!H:H, _xlfn.AGGREGATE(15, 6, ROW(Kintoneデータ抽出!$K$2:$K$5000) / ((Kintoneデータ抽出!$K$2:$K$5000="院内")), ROW(A10))),"*あり*"),"病児",""),""), "")} | O47: {=IFERROR( IF(INDEX(Kintoneデータ抽出!M:M, _xlfn.AGGREGATE(15, 6, ROW(Kintoneデータ抽出!$K$2:$K$5000) / ((Kintoneデータ抽出!$K$2:$K$5000="院内")), ROW(A10)))<>0,INDEX(Kintoneデータ抽出!M:M, _xlfn.AGGREGATE(15, 6, ROW(Kintoneデータ抽出!$K$2:$K$5000) / ((Kintoneデータ抽出!$K$2:$K$5000="院内")), ROW(A10))),""), "")} | P47: {=IFERROR(IF(INDEX(Kintoneデータ抽出!L:L, _xlfn.AGGREGATE(15, 6, ROW(Kintoneデータ抽出!$K$2:$K$5000) / ((Kintoneデータ抽出!$K$2:$K$5000="院内")), ROW(A10)))<>"", IF(COUNTIF(INDEX(Kintoneデータ抽出!L:L, _xlfn.AGGREGATE(15, 6, ROW(Kintoneデータ抽出!$K$2:$K$5000) / ((Kintoneデータ抽出!$K$2:$K$5000="院内")), ROW(A10))),"*企業主導型以外*"),"", IF(COUNTIF(INDEX(Kintoneデータ抽出!L:L, _xlfn.AGGREGATE(15, 6, ROW(Kintoneデータ抽出!$K$2:$K$5000) / ((Kintoneデータ抽出!$K$2:$K$5000="院内")), ROW(A10))),"*その他*"),"", IF(COUNTIF(INDEX(Kintoneデータ抽出!L:L, _xlfn.AGGREGATE(15, 6, ROW(Kintoneデータ抽出!$K$2:$K$5000) / ((Kintoneデータ抽出!$K$2:$K$5000="院内")), ROW(A10))),"*新制度*"),"新制度","企業主導型"))),""), "")}
D48: =IF(H48<>"",D47+1,D47) | F48: {=IFERROR(INDEX(Kintoneデータ抽出!A:A, _xlfn.AGGREGATE(15, 6, ROW(Kintoneデータ抽出!$K$2:$K$5000) / ((Kintoneデータ抽出!$K$2:$K$5000="院内")), ROW(A11))), "")} | G48: {=IFERROR(INDEX(Kintoneデータ抽出!D:D, _xlfn.AGGREGATE(15, 6, ROW(Kintoneデータ抽出!$K$2:$K$5000) / ((Kintoneデータ抽出!$K$2:$K$5000="院内")), ROW(A11))), "")} | H48: {=IFERROR(INDEX(Kintoneデータ抽出!C:C, _xlfn.AGGREGATE(15, 6, ROW(Kintoneデータ抽出!$K$2:$K$5000) / ((Kintoneデータ抽出!$K$2:$K$5000="院内")), ROW(A11))), "")} | I48: {=IFERROR(IF(INDEX(Kintoneデータ抽出!G:G, _xlfn.AGGREGATE(15, 6, ROW(Kintoneデータ抽出!$K$2:$K$5000) / ((Kintoneデータ抽出!$K$2:$K$5000="院内")), ROW(A11)))<>"",INDEX(Kintoneデータ抽出!G:G, _xlfn.AGGREGATE(15, 6, ROW(Kintoneデータ抽出!$K$2:$K$5000) / ((Kintoneデータ抽出!$K$2:$K$5000="院内")), ROW(A11)))&"名",""), "")} | J48: {=IFERROR(IF(INDEX(Kintoneデータ抽出!E:E, _xlfn.AGGREGATE(15, 6, ROW(Kintoneデータ抽出!$K$2:$K$5000) / ((Kintoneデータ抽出!$K$2:$K$5000="院内")), ROW(A11)))<>"", YEAR(INDEX(Kintoneデータ抽出!E:E, _xlfn.AGGREGATE(15, 6, ROW(Kintoneデータ抽出!$K$2:$K$5000) / ((Kintoneデータ抽出!$K$2:$K$5000="院内")), ROW(A11))))&"年" &MONTH(INDEX(Kintoneデータ抽出!E:E, _xlfn.AGGREGATE(15, 6, ROW(Kintoneデータ抽出!$K$2:$K$5000) / ((Kintoneデータ抽出!$K$2:$K$5000="院内")), ROW(A11))))&"月" &DAY(INDEX(Kintoneデータ抽出!E:E, _xlfn.AGGREGATE(15, 6, ROW(Kintoneデータ抽出!$K$2:$K$5000) /((Kintoneデータ抽出!$K$2:$K$5000="院内")), ROW(A11))))&"日",""), "")} | K48: {=IFERROR(IF(INDEX(Kintoneデータ抽出!F:F, _xlfn.AGGREGATE(15, 6, ROW(Kintoneデータ抽出!$K$2:$K$5000) / ((Kintoneデータ抽出!$K$2:$K$5000="院内")), ROW(A11)))<>"", VLOOKUP(INDEX(Kintoneデータ抽出!F:F, _xlfn.AGGREGATE(15, 6, ROW(Kintoneデータ抽出!$K$2:$K$5000) / ((Kintoneデータ抽出!$K$2:$K$5000="院内")), ROW(A11))),基本開園日の表記!$A$2:$B$13,2,FALSE),""), "")} | L48: {=IFERROR(IF(INDEX(Kintoneデータ抽出!F:F, _xlfn.AGGREGATE(15, 6, ROW(Kintoneデータ抽出!$K$2:$K$5000) / ((Kintoneデータ抽出!$K$2:$K$5000="院内")), ROW(A11)))<>"", IF(COUNTIF(INDEX(Kintoneデータ抽出!F:F, _xlfn.AGGREGATE(15, 6, ROW(Kintoneデータ抽出!$K$2:$K$5000) / ((Kintoneデータ抽出!$K$2:$K$5000="院内")), ROW(A11))),"*あり*"),"夜間",""),""), "")} | M48: {=IFERROR(IF(INDEX(Kintoneデータ抽出!I:I, _xlfn.AGGREGATE(15, 6, ROW(Kintoneデータ抽出!$K$2:$K$5000) / ((Kintoneデータ抽出!$K$2:$K$5000="院内")), ROW(A11)))<>"", IF(COUNTIF(INDEX(Kintoneデータ抽出!I:I, _xlfn.AGGREGATE(15, 6, ROW(Kintoneデータ抽出!$K$2:$K$5000) / ((Kintoneデータ抽出!$K$2:$K$5000="院内")), ROW(A11))),"*あり*"),"学童",""),""), "")} | N48: {=IFERROR(IF(INDEX(Kintoneデータ抽出!H:H, _xlfn.AGGREGATE(15, 6, ROW(Kintoneデータ抽出!$K$2:$K$5000) / ((Kintoneデータ抽出!$K$2:$K$5000="院内")), ROW(A11)))<>"", IF(COUNTIF(INDEX(Kintoneデータ抽出!H:H, _xlfn.AGGREGATE(15, 6, ROW(Kintoneデータ抽出!$K$2:$K$5000) / ((Kintoneデータ抽出!$K$2:$K$5000="院内")), ROW(A11))),"*あり*"),"病児",""),""), "")} | O48: {=IFERROR( IF(INDEX(Kintoneデータ抽出!M:M, _xlfn.AGGREGATE(15, 6, ROW(Kintoneデータ抽出!$K$2:$K$5000) / ((Kintoneデータ抽出!$K$2:$K$5000="院内")), ROW(A11)))<>0,INDEX(Kintoneデータ抽出!M:M, _xlfn.AGGREGATE(15, 6, ROW(Kintoneデータ抽出!$K$2:$K$5000) / ((Kintoneデータ抽出!$K$2:$K$5000="院内")), ROW(A11))),""), "")} | P48: {=IFERROR(IF(INDEX(Kintoneデータ抽出!L:L, _xlfn.AGGREGATE(15, 6, ROW(Kintoneデータ抽出!$K$2:$K$5000) / ((Kintoneデータ抽出!$K$2:$K$5000="院内")), ROW(A11)))<>"", IF(COUNTIF(INDEX(Kintoneデータ抽出!L:L, _xlfn.AGGREGATE(15, 6, ROW(Kintoneデータ抽出!$K$2:$K$5000) / ((Kintoneデータ抽出!$K$2:$K$5000="院内")), ROW(A11))),"*企業主導型以外*"),"", IF(COUNTIF(INDEX(Kintoneデータ抽出!L:L, _xlfn.AGGREGATE(15, 6, ROW(Kintoneデータ抽出!$K$2:$K$5000) / ((Kintoneデータ抽出!$K$2:$K$5000="院内")), ROW(A11))),"*その他*"),"", IF(COUNTIF(INDEX(Kintoneデータ抽出!L:L, _xlfn.AGGREGATE(15, 6, ROW(Kintoneデータ抽出!$K$2:$K$5000) / ((Kintoneデータ抽出!$K$2:$K$5000="院内")), ROW(A11))),"*新制度*"),"新制度","企業主導型"))),""), "")}
D49: =IF(H49<>"",D48+1,D48) | F49: {=IFERROR(INDEX(Kintoneデータ抽出!A:A, _xlfn.AGGREGATE(15, 6, ROW(Kintoneデータ抽出!$K$2:$K$5000) / ((Kintoneデータ抽出!$K$2:$K$5000="院内")), ROW(A12))), "")} | G49: {=IFERROR(INDEX(Kintoneデータ抽出!D:D, _xlfn.AGGREGATE(15, 6, ROW(Kintoneデータ抽出!$K$2:$K$5000) / ((Kintoneデータ抽出!$K$2:$K$5000="院内")), ROW(A12))), "")} | H49: {=IFERROR(INDEX(Kintoneデータ抽出!C:C, _xlfn.AGGREGATE(15, 6, ROW(Kintoneデータ抽出!$K$2:$K$5000) / ((Kintoneデータ抽出!$K$2:$K$5000="院内")), ROW(A12))), "")} | I49: {=IFERROR(IF(INDEX(Kintoneデータ抽出!G:G, _xlfn.AGGREGATE(15, 6, ROW(Kintoneデータ抽出!$K$2:$K$5000) / ((Kintoneデータ抽出!$K$2:$K$5000="院内")), ROW(A12)))<>"",INDEX(Kintoneデータ抽出!G:G, _xlfn.AGGREGATE(15, 6, ROW(Kintoneデータ抽出!$K$2:$K$5000) / ((Kintoneデータ抽出!$K$2:$K$5000="院内")), ROW(A12)))&"名",""), "")} | J49: {=IFERROR(IF(INDEX(Kintoneデータ抽出!E:E, _xlfn.AGGREGATE(15, 6, ROW(Kintoneデータ抽出!$K$2:$K$5000) / ((Kintoneデータ抽出!$K$2:$K$5000="院内")), ROW(A12)))<>"", YEAR(INDEX(Kintoneデータ抽出!E:E, _xlfn.AGGREGATE(15, 6, ROW(Kintoneデータ抽出!$K$2:$K$5000) / ((Kintoneデータ抽出!$K$2:$K$5000="院内")), ROW(A12))))&"年" &MONTH(INDEX(Kintoneデータ抽出!E:E, _xlfn.AGGREGATE(15, 6, ROW(Kintoneデータ抽出!$K$2:$K$5000) / ((Kintoneデータ抽出!$K$2:$K$5000="院内")), ROW(A12))))&"月" &DAY(INDEX(Kintoneデータ抽出!E:E, _xlfn.AGGREGATE(15, 6, ROW(Kintoneデータ抽出!$K$2:$K$5000) /((Kintoneデータ抽出!$K$2:$K$5000="院内")), ROW(A12))))&"日",""), "")} | K49: {=IFERROR(IF(INDEX(Kintoneデータ抽出!F:F, _xlfn.AGGREGATE(15, 6, ROW(Kintoneデータ抽出!$K$2:$K$5000) / ((Kintoneデータ抽出!$K$2:$K$5000="院内")), ROW(A12)))<>"", VLOOKUP(INDEX(Kintoneデータ抽出!F:F, _xlfn.AGGREGATE(15, 6, ROW(Kintoneデータ抽出!$K$2:$K$5000) / ((Kintoneデータ抽出!$K$2:$K$5000="院内")), ROW(A12))),基本開園日の表記!$A$2:$B$13,2,FALSE),""), "")} | L49: {=IFERROR(IF(INDEX(Kintoneデータ抽出!F:F, _xlfn.AGGREGATE(15, 6, ROW(Kintoneデータ抽出!$K$2:$K$5000) / ((Kintoneデータ抽出!$K$2:$K$5000="院内")), ROW(A12)))<>"", IF(COUNTIF(INDEX(Kintoneデータ抽出!F:F, _xlfn.AGGREGATE(15, 6, ROW(Kintoneデータ抽出!$K$2:$K$5000) / ((Kintoneデータ抽出!$K$2:$K$5000="院内")), ROW(A12))),"*あり*"),"夜間",""),""), "")} | M49: {=IFERROR(IF(INDEX(Kintoneデータ抽出!I:I, _xlfn.AGGREGATE(15, 6, ROW(Kintoneデータ抽出!$K$2:$K$5000) / ((Kintoneデータ抽出!$K$2:$K$5000="院内")), ROW(A12)))<>"", IF(COUNTIF(INDEX(Kintoneデータ抽出!I:I, _xlfn.AGGREGATE(15, 6, ROW(Kintoneデータ抽出!$K$2:$K$5000) / ((Kintoneデータ抽出!$K$2:$K$5000="院内")), ROW(A12))),"*あり*"),"学童",""),""), "")} | N49: {=IFERROR(IF(INDEX(Kintoneデータ抽出!H:H, _xlfn.AGGREGATE(15, 6, ROW(Kintoneデータ抽出!$K$2:$K$5000) / ((Kintoneデータ抽出!$K$2:$K$5000="院内")), ROW(A12)))<>"", IF(COUNTIF(INDEX(Kintoneデータ抽出!H:H, _xlfn.AGGREGATE(15, 6, ROW(Kintoneデータ抽出!$K$2:$K$5000) / ((Kintoneデータ抽出!$K$2:$K$5000="院内")), ROW(A12))),"*あり*"),"病児",""),""), "")} | O49: {=IFERROR( IF(INDEX(Kintoneデータ抽出!M:M, _xlfn.AGGREGATE(15, 6, ROW(Kintoneデータ抽出!$K$2:$K$5000) / ((Kintoneデータ抽出!$K$2:$K$5000="院内")), ROW(A12)))<>0,INDEX(Kintoneデータ抽出!M:M, _xlfn.AGGREGATE(15, 6, ROW(Kintoneデータ抽出!$K$2:$K$5000) / ((Kintoneデータ抽出!$K$2:$K$5000="院内")), ROW(A12))),""), "")} | P49: {=IFERROR(IF(INDEX(Kintoneデータ抽出!L:L, _xlfn.AGGREGATE(15, 6, ROW(Kintoneデータ抽出!$K$2:$K$5000) / ((Kintoneデータ抽出!$K$2:$K$5000="院内")), ROW(A12)))<>"", IF(COUNTIF(INDEX(Kintoneデータ抽出!L:L, _xlfn.AGGREGATE(15, 6, ROW(Kintoneデータ抽出!$K$2:$K$5000) / ((Kintoneデータ抽出!$K$2:$K$5000="院内")), ROW(A12))),"*企業主導型以外*"),"", IF(COUNTIF(INDEX(Kintoneデータ抽出!L:L, _xlfn.AGGREGATE(15, 6, ROW(Kintoneデータ抽出!$K$2:$K$5000) / ((Kintoneデータ抽出!$K$2:$K$5000="院内")), ROW(A12))),"*その他*"),"", IF(COUNTIF(INDEX(Kintoneデータ抽出!L:L, _xlfn.AGGREGATE(15, 6, ROW(Kintoneデータ抽出!$K$2:$K$5000) / ((Kintoneデータ抽出!$K$2:$K$5000="院内")), ROW(A12))),"*新制度*"),"新制度","企業主導型"))),""), "")}
D50: =IF(H50<>"",D49+1,D49) | F50: {=IFERROR(INDEX(Kintoneデータ抽出!A:A, _xlfn.AGGREGATE(15, 6, ROW(Kintoneデータ抽出!$K$2:$K$5000) / ((Kintoneデータ抽出!$K$2:$K$5000="院内")), ROW(A13))), "")} | G50: {=IFERROR(INDEX(Kintoneデータ抽出!D:D, _xlfn.AGGREGATE(15, 6, ROW(Kintoneデータ抽出!$K$2:$K$5000) / ((Kintoneデータ抽出!$K$2:$K$5000="院内")), ROW(A13))), "")} | H50: {=IFERROR(INDEX(Kintoneデータ抽出!C:C, _xlfn.AGGREGATE(15, 6, ROW(Kintoneデータ抽出!$K$2:$K$5000) / ((Kintoneデータ抽出!$K$2:$K$5000="院内")), ROW(A13))), "")} | I50: {=IFERROR(IF(INDEX(Kintoneデータ抽出!G:G, _xlfn.AGGREGATE(15, 6, ROW(Kintoneデータ抽出!$K$2:$K$5000) / ((Kintoneデータ抽出!$K$2:$K$5000="院内")), ROW(A13)))<>"",INDEX(Kintoneデータ抽出!G:G, _xlfn.AGGREGATE(15, 6, ROW(Kintoneデータ抽出!$K$2:$K$5000) / ((Kintoneデータ抽出!$K$2:$K$5000="院内")), ROW(A13)))&"名",""), "")} | J50: {=IFERROR(IF(INDEX(Kintoneデータ抽出!E:E, _xlfn.AGGREGATE(15, 6, ROW(Kintoneデータ抽出!$K$2:$K$5000) / ((Kintoneデータ抽出!$K$2:$K$5000="院内")), ROW(A13)))<>"", YEAR(INDEX(Kintoneデータ抽出!E:E, _xlfn.AGGREGATE(15, 6, ROW(Kintoneデータ抽出!$K$2:$K$5000) / ((Kintoneデータ抽出!$K$2:$K$5000="院内")), ROW(A13))))&"年" &MONTH(INDEX(Kintoneデータ抽出!E:E, _xlfn.AGGREGATE(15, 6, ROW(Kintoneデータ抽出!$K$2:$K$5000) / ((Kintoneデータ抽出!$K$2:$K$5000="院内")), ROW(A13))))&"月" &DAY(INDEX(Kintoneデータ抽出!E:E, _xlfn.AGGREGATE(15, 6, ROW(Kintoneデータ抽出!$K$2:$K$5000) /((Kintoneデータ抽出!$K$2:$K$5000="院内")), ROW(A13))))&"日",""), "")} | K50: {=IFERROR(IF(INDEX(Kintoneデータ抽出!F:F, _xlfn.AGGREGATE(15, 6, ROW(Kintoneデータ抽出!$K$2:$K$5000) / ((Kintoneデータ抽出!$K$2:$K$5000="院内")), ROW(A13)))<>"", VLOOKUP(INDEX(Kintoneデータ抽出!F:F, _xlfn.AGGREGATE(15, 6, ROW(Kintoneデータ抽出!$K$2:$K$5000) / ((Kintoneデータ抽出!$K$2:$K$5000="院内")), ROW(A13))),基本開園日の表記!$A$2:$B$13,2,FALSE),""), "")} | L50: {=IFERROR(IF(INDEX(Kintoneデータ抽出!F:F, _xlfn.AGGREGATE(15, 6, ROW(Kintoneデータ抽出!$K$2:$K$5000) / ((Kintoneデータ抽出!$K$2:$K$5000="院内")), ROW(A13)))<>"", IF(COUNTIF(INDEX(Kintoneデータ抽出!F:F, _xlfn.AGGREGATE(15, 6, ROW(Kintoneデータ抽出!$K$2:$K$5000) / ((Kintoneデータ抽出!$K$2:$K$5000="院内")), ROW(A13))),"*あり*"),"夜間",""),""), "")} | M50: {=IFERROR(IF(INDEX(Kintoneデータ抽出!I:I, _xlfn.AGGREGATE(15, 6, ROW(Kintoneデータ抽出!$K$2:$K$5000) / ((Kintoneデータ抽出!$K$2:$K$5000="院内")), ROW(A13)))<>"", IF(COUNTIF(INDEX(Kintoneデータ抽出!I:I, _xlfn.AGGREGATE(15, 6, ROW(Kintoneデータ抽出!$K$2:$K$5000) / ((Kintoneデータ抽出!$K$2:$K$5000="院内")), ROW(A13))),"*あり*"),"学童",""),""), "")} | N50: {=IFERROR(IF(INDEX(Kintoneデータ抽出!H:H, _xlfn.AGGREGATE(15, 6, ROW(Kintoneデータ抽出!$K$2:$K$5000) / ((Kintoneデータ抽出!$K$2:$K$5000="院内")), ROW(A13)))<>"", IF(COUNTIF(INDEX(Kintoneデータ抽出!H:H, _xlfn.AGGREGATE(15, 6, ROW(Kintoneデータ抽出!$K$2:$K$5000) / ((Kintoneデータ抽出!$K$2:$K$5000="院内")), ROW(A13))),"*あり*"),"病児",""),""), "")} | O50: {=IFERROR( IF(INDEX(Kintoneデータ抽出!M:M, _xlfn.AGGREGATE(15, 6, ROW(Kintoneデータ抽出!$K$2:$K$5000) / ((Kintoneデータ抽出!$K$2:$K$5000="院内")), ROW(A13)))<>0,INDEX(Kintoneデータ抽出!M:M, _xlfn.AGGREGATE(15, 6, ROW(Kintoneデータ抽出!$K$2:$K$5000) / ((Kintoneデータ抽出!$K$2:$K$5000="院内")), ROW(A13))),""), "")} | P50: {=IFERROR(IF(INDEX(Kintoneデータ抽出!L:L, _xlfn.AGGREGATE(15, 6, ROW(Kintoneデータ抽出!$K$2:$K$5000) / ((Kintoneデータ抽出!$K$2:$K$5000="院内")), ROW(A13)))<>"", IF(COUNTIF(INDEX(Kintoneデータ抽出!L:L, _xlfn.AGGREGATE(15, 6, ROW(Kintoneデータ抽出!$K$2:$K$5000) / ((Kintoneデータ抽出!$K$2:$K$5000="院内")), ROW(A13))),"*企業主導型以外*"),"", IF(COUNTIF(INDEX(Kintoneデータ抽出!L:L, _xlfn.AGGREGATE(15, 6, ROW(Kintoneデータ抽出!$K$2:$K$5000) / ((Kintoneデータ抽出!$K$2:$K$5000="院内")), ROW(A13))),"*その他*"),"", IF(COUNTIF(INDEX(Kintoneデータ抽出!L:L, _xlfn.AGGREGATE(15, 6, ROW(Kintoneデータ抽出!$K$2:$K$5000) / ((Kintoneデータ抽出!$K$2:$K$5000="院内")), ROW(A13))),"*新制度*"),"新制度","企業主導型"))),""), "")}
B51: 東 北 | D51: =IF(H51<>"",D50+1,D50) | F51: {=IFERROR(INDEX(Kintoneデータ抽出!A:A, _xlfn.AGGREGATE(15, 6, ROW(Kintoneデータ抽出!$K$2:$K$5000) / ((Kintoneデータ抽出!$K$2:$K$5000="院内")), ROW(A14))), "")} | G51: {=IFERROR(INDEX(Kintoneデータ抽出!D:D, _xlfn.AGGREGATE(15, 6, ROW(Kintoneデータ抽出!$K$2:$K$5000) / ((Kintoneデータ抽出!$K$2:$K$5000="院内")), ROW(A14))), "")} | H51: {=IFERROR(INDEX(Kintoneデータ抽出!C:C, _xlfn.AGGREGATE(15, 6, ROW(Kintoneデータ抽出!$K$2:$K$5000) / ((Kintoneデータ抽出!$K$2:$K$5000="院内")), ROW(A14))), "")} | I51: {=IFERROR(IF(INDEX(Kintoneデータ抽出!G:G, _xlfn.AGGREGATE(15, 6, ROW(Kintoneデータ抽出!$K$2:$K$5000) / ((Kintoneデータ抽出!$K$2:$K$5000="院内")), ROW(A14)))<>"",INDEX(Kintoneデータ抽出!G:G, _xlfn.AGGREGATE(15, 6, ROW(Kintoneデータ抽出!$K$2:$K$5000) / ((Kintoneデータ抽出!$K$2:$K$5000="院内")), ROW(A14)))&"名",""), "")} | J51: {=IFERROR(IF(INDEX(Kintoneデータ抽出!E:E, _xlfn.AGGREGATE(15, 6, ROW(Kintoneデータ抽出!$K$2:$K$5000) / ((Kintoneデータ抽出!$K$2:$K$5000="院内")), ROW(A14)))<>"", YEAR(INDEX(Kintoneデータ抽出!E:E, _xlfn.AGGREGATE(15, 6, ROW(Kintoneデータ抽出!$K$2:$K$5000) / ((Kintoneデータ抽出!$K$2:$K$5000="院内")), ROW(A14))))&"年" &MONTH(INDEX(Kintoneデータ抽出!E:E, _xlfn.AGGREGATE(15, 6, ROW(Kintoneデータ抽出!$K$2:$K$5000) / ((Kintoneデータ抽出!$K$2:$K$5000="院内")), ROW(A14))))&"月" &DAY(INDEX(Kintoneデータ抽出!E:E, _xlfn.AGGREGATE(15, 6, ROW(Kintoneデータ抽出!$K$2:$K$5000) /((Kintoneデータ抽出!$K$2:$K$5000="院内")), ROW(A14))))&"日",""), "")} | K51: {=IFERROR(IF(INDEX(Kintoneデータ抽出!F:F, _xlfn.AGGREGATE(15, 6, ROW(Kintoneデータ抽出!$K$2:$K$5000) / ((Kintoneデータ抽出!$K$2:$K$5000="院内")), ROW(A14)))<>"", VLOOKUP(INDEX(Kintoneデータ抽出!F:F, _xlfn.AGGREGATE(15, 6, ROW(Kintoneデータ抽出!$K$2:$K$5000) / ((Kintoneデータ抽出!$K$2:$K$5000="院内")), ROW(A14))),基本開園日の表記!$A$2:$B$13,2,FALSE),""), "")} | L51: {=IFERROR(IF(INDEX(Kintoneデータ抽出!F:F, _xlfn.AGGREGATE(15, 6, ROW(Kintoneデータ抽出!$K$2:$K$5000) / ((Kintoneデータ抽出!$K$2:$K$5000="院内")), ROW(A14)))<>"", IF(COUNTIF(INDEX(Kintoneデータ抽出!F:F, _xlfn.AGGREGATE(15, 6, ROW(Kintoneデータ抽出!$K$2:$K$5000) / ((Kintoneデータ抽出!$K$2:$K$5000="院内")), ROW(A14))),"*あり*"),"夜間",""),""), "")} | M51: {=IFERROR(IF(INDEX(Kintoneデータ抽出!I:I, _xlfn.AGGREGATE(15, 6, ROW(Kintoneデータ抽出!$K$2:$K$5000) / ((Kintoneデータ抽出!$K$2:$K$5000="院内")), ROW(A14)))<>"", IF(COUNTIF(INDEX(Kintoneデータ抽出!I:I, _xlfn.AGGREGATE(15, 6, ROW(Kintoneデータ抽出!$K$2:$K$5000) / ((Kintoneデータ抽出!$K$2:$K$5000="院内")), ROW(A14))),"*あり*"),"学童",""),""), "")} | N51: {=IFERROR(IF(INDEX(Kintoneデータ抽出!H:H, _xlfn.AGGREGATE(15, 6, ROW(Kintoneデータ抽出!$K$2:$K$5000) / ((Kintoneデータ抽出!$K$2:$K$5000="院内")), ROW(A14)))<>"", IF(COUNTIF(INDEX(Kintoneデータ抽出!H:H, _xlfn.AGGREGATE(15, 6, ROW(Kintoneデータ抽出!$K$2:$K$5000) / ((Kintoneデータ抽出!$K$2:$K$5000="院内")), ROW(A14))),"*あり*"),"病児",""),""), "")} | O51: {=IFERROR( IF(INDEX(Kintoneデータ抽出!M:M, _xlfn.AGGREGATE(15, 6, ROW(Kintoneデータ抽出!$K$2:$K$5000) / ((Kintoneデータ抽出!$K$2:$K$5000="院内")), ROW(A14)))<>0,INDEX(Kintoneデータ抽出!M:M, _xlfn.AGGREGATE(15, 6, ROW(Kintoneデータ抽出!$K$2:$K$5000) / ((Kintoneデータ抽出!$K$2:$K$5000="院内")), ROW(A14))),""), "")} | P51: {=IFERROR(IF(INDEX(Kintoneデータ抽出!L:L, _xlfn.AGGREGATE(15, 6, ROW(Kintoneデータ抽出!$K$2:$K$5000) / ((Kintoneデータ抽出!$K$2:$K$5000="院内")), ROW(A14)))<>"", IF(COUNTIF(INDEX(Kintoneデータ抽出!L:L, _xlfn.AGGREGATE(15, 6, ROW(Kintoneデータ抽出!$K$2:$K$5000) / ((Kintoneデータ抽出!$K$2:$K$5000="院内")), ROW(A14))),"*企業主導型以外*"),"", IF(COUNTIF(INDEX(Kintoneデータ抽出!L:L, _xlfn.AGGREGATE(15, 6, ROW(Kintoneデータ抽出!$K$2:$K$5000) / ((Kintoneデータ抽出!$K$2:$K$5000="院内")), ROW(A14))),"*その他*"),"", IF(COUNTIF(INDEX(Kintoneデータ抽出!L:L, _xlfn.AGGREGATE(15, 6, ROW(Kintoneデータ抽出!$K$2:$K$5000) / ((Kintoneデータ抽出!$K$2:$K$5000="院内")), ROW(A14))),"*新制度*"),"新制度","企業主導型"))),""), "")}
D52: =IF(H52<>"",D51+1,D51) | F52: {=IFERROR(INDEX(Kintoneデータ抽出!A:A, _xlfn.AGGREGATE(15, 6, ROW(Kintoneデータ抽出!$K$2:$K$5000) / ((Kintoneデータ抽出!$K$2:$K$5000="院内")), ROW(A15))), "")} | G52: {=IFERROR(INDEX(Kintoneデータ抽出!D:D, _xlfn.AGGREGATE(15, 6, ROW(Kintoneデータ抽出!$K$2:$K$5000) / ((Kintoneデータ抽出!$K$2:$K$5000="院内")), ROW(A15))), "")} | H52: {=IFERROR(INDEX(Kintoneデータ抽出!C:C, _xlfn.AGGREGATE(15, 6, ROW(Kintoneデータ抽出!$K$2:$K$5000) / ((Kintoneデータ抽出!$K$2:$K$5000="院内")), ROW(A15))), "")} | I52: {=IFERROR(IF(INDEX(Kintoneデータ抽出!G:G, _xlfn.AGGREGATE(15, 6, ROW(Kintoneデータ抽出!$K$2:$K$5000) / ((Kintoneデータ抽出!$K$2:$K$5000="院内")), ROW(A15)))<>"",INDEX(Kintoneデータ抽出!G:G, _xlfn.AGGREGATE(15, 6, ROW(Kintoneデータ抽出!$K$2:$K$5000) / ((Kintoneデータ抽出!$K$2:$K$5000="院内")), ROW(A15)))&"名",""), "")} | J52: {=IFERROR(IF(INDEX(Kintoneデータ抽出!E:E, _xlfn.AGGREGATE(15, 6, ROW(Kintoneデータ抽出!$K$2:$K$5000) / ((Kintoneデータ抽出!$K$2:$K$5000="院内")), ROW(A15)))<>"", YEAR(INDEX(Kintoneデータ抽出!E:E, _xlfn.AGGREGATE(15, 6, ROW(Kintoneデータ抽出!$K$2:$K$5000) / ((Kintoneデータ抽出!$K$2:$K$5000="院内")), ROW(A15))))&"年" &MONTH(INDEX(Kintoneデータ抽出!E:E, _xlfn.AGGREGATE(15, 6, ROW(Kintoneデータ抽出!$K$2:$K$5000) / ((Kintoneデータ抽出!$K$2:$K$5000="院内")), ROW(A15))))&"月" &DAY(INDEX(Kintoneデータ抽出!E:E, _xlfn.AGGREGATE(15, 6, ROW(Kintoneデータ抽出!$K$2:$K$5000) /((Kintoneデータ抽出!$K$2:$K$5000="院内")), ROW(A15))))&"日",""), "")} | K52: {=IFERROR(IF(INDEX(Kintoneデータ抽出!F:F, _xlfn.AGGREGATE(15, 6, ROW(Kintoneデータ抽出!$K$2:$K$5000) / ((Kintoneデータ抽出!$K$2:$K$5000="院内")), ROW(A15)))<>"", VLOOKUP(INDEX(Kintoneデータ抽出!F:F, _xlfn.AGGREGATE(15, 6, ROW(Kintoneデータ抽出!$K$2:$K$5000) / ((Kintoneデータ抽出!$K$2:$K$5000="院内")), ROW(A15))),基本開園日の表記!$A$2:$B$13,2,FALSE),""), "")} | L52: {=IFERROR(IF(INDEX(Kintoneデータ抽出!F:F, _xlfn.AGGREGATE(15, 6, ROW(Kintoneデータ抽出!$K$2:$K$5000) / ((Kintoneデータ抽出!$K$2:$K$5000="院内")), ROW(A15)))<>"", IF(COUNTIF(INDEX(Kintoneデータ抽出!F:F, _xlfn.AGGREGATE(15, 6, ROW(Kintoneデータ抽出!$K$2:$K$5000) / ((Kintoneデータ抽出!$K$2:$K$5000="院内")), ROW(A15))),"*あり*"),"夜間",""),""), "")} | M52: {=IFERROR(IF(INDEX(Kintoneデータ抽出!I:I, _xlfn.AGGREGATE(15, 6, ROW(Kintoneデータ抽出!$K$2:$K$5000) / ((Kintoneデータ抽出!$K$2:$K$5000="院内")), ROW(A15)))<>"", IF(COUNTIF(INDEX(Kintoneデータ抽出!I:I, _xlfn.AGGREGATE(15, 6, ROW(Kintoneデータ抽出!$K$2:$K$5000) / ((Kintoneデータ抽出!$K$2:$K$5000="院内")), ROW(A15))),"*あり*"),"学童",""),""), "")} | N52: {=IFERROR(IF(INDEX(Kintoneデータ抽出!H:H, _xlfn.AGGREGATE(15, 6, ROW(Kintoneデータ抽出!$K$2:$K$5000) / ((Kintoneデータ抽出!$K$2:$K$5000="院内")), ROW(A15)))<>"", IF(COUNTIF(INDEX(Kintoneデータ抽出!H:H, _xlfn.AGGREGATE(15, 6, ROW(Kintoneデータ抽出!$K$2:$K$5000) / ((Kintoneデータ抽出!$K$2:$K$5000="院内")), ROW(A15))),"*あり*"),"病児",""),""), "")} | O52: {=IFERROR( IF(INDEX(Kintoneデータ抽出!M:M, _xlfn.AGGREGATE(15, 6, ROW(Kintoneデータ抽出!$K$2:$K$5000) / ((Kintoneデータ抽出!$K$2:$K$5000="院内")), ROW(A15)))<>0,INDEX(Kintoneデータ抽出!M:M, _xlfn.AGGREGATE(15, 6, ROW(Kintoneデータ抽出!$K$2:$K$5000) / ((Kintoneデータ抽出!$K$2:$K$5000="院内")), ROW(A15))),""), "")} | P52: {=IFERROR(IF(INDEX(Kintoneデータ抽出!L:L, _xlfn.AGGREGATE(15, 6, ROW(Kintoneデータ抽出!$K$2:$K$5000) / ((Kintoneデータ抽出!$K$2:$K$5000="院内")), ROW(A15)))<>"", IF(COUNTIF(INDEX(Kintoneデータ抽出!L:L, _xlfn.AGGREGATE(15, 6, ROW(Kintoneデータ抽出!$K$2:$K$5000) / ((Kintoneデータ抽出!$K$2:$K$5000="院内")), ROW(A15))),"*企業主導型以外*"),"", IF(COUNTIF(INDEX(Kintoneデータ抽出!L:L, _xlfn.AGGREGATE(15, 6, ROW(Kintoneデータ抽出!$K$2:$K$5000) / ((Kintoneデータ抽出!$K$2:$K$5000="院内")), ROW(A15))),"*その他*"),"", IF(COUNTIF(INDEX(Kintoneデータ抽出!L:L, _xlfn.AGGREGATE(15, 6, ROW(Kintoneデータ抽出!$K$2:$K$5000) / ((Kintoneデータ抽出!$K$2:$K$5000="院内")), ROW(A15))),"*新制度*"),"新制度","企業主導型"))),""), "")}
D53: =IF(H53<>"",D52+1,D52) | F53: {=IFERROR(INDEX(Kintoneデータ抽出!A:A, _xlfn.AGGREGATE(15, 6, ROW(Kintoneデータ抽出!$K$2:$K$5000) / ((Kintoneデータ抽出!$K$2:$K$5000="院内")), ROW(A16))), "")} | G53: {=IFERROR(INDEX(Kintoneデータ抽出!D:D, _xlfn.AGGREGATE(15, 6, ROW(Kintoneデータ抽出!$K$2:$K$5000) / ((Kintoneデータ抽出!$K$2:$K$5000="院内")), ROW(A16))), "")} | H53: {=IFERROR(INDEX(Kintoneデータ抽出!C:C, _xlfn.AGGREGATE(15, 6, ROW(Kintoneデータ抽出!$K$2:$K$5000) / ((Kintoneデータ抽出!$K$2:$K$5000="院内")), ROW(A16))), "")} | I53: {=IFERROR(IF(INDEX(Kintoneデータ抽出!G:G, _xlfn.AGGREGATE(15, 6, ROW(Kintoneデータ抽出!$K$2:$K$5000) / ((Kintoneデータ抽出!$K$2:$K$5000="院内")), ROW(A16)))<>"",INDEX(Kintoneデータ抽出!G:G, _xlfn.AGGREGATE(15, 6, ROW(Kintoneデータ抽出!$K$2:$K$5000) / ((Kintoneデータ抽出!$K$2:$K$5000="院内")), ROW(A16)))&"名",""), "")} | J53: {=IFERROR(IF(INDEX(Kintoneデータ抽出!E:E, _xlfn.AGGREGATE(15, 6, ROW(Kintoneデータ抽出!$K$2:$K$5000) / ((Kintoneデータ抽出!$K$2:$K$5000="院内")), ROW(A16)))<>"", YEAR(INDEX(Kintoneデータ抽出!E:E, _xlfn.AGGREGATE(15, 6, ROW(Kintoneデータ抽出!$K$2:$K$5000) / ((Kintoneデータ抽出!$K$2:$K$5000="院内")), ROW(A16))))&"年" &MONTH(INDEX(Kintoneデータ抽出!E:E, _xlfn.AGGREGATE(15, 6, ROW(Kintoneデータ抽出!$K$2:$K$5000) / ((Kintoneデータ抽出!$K$2:$K$5000="院内")), ROW(A16))))&"月" &DAY(INDEX(Kintoneデータ抽出!E:E, _xlfn.AGGREGATE(15, 6, ROW(Kintoneデータ抽出!$K$2:$K$5000) /((Kintoneデータ抽出!$K$2:$K$5000="院内")), ROW(A16))))&"日",""), "")} | K53: {=IFERROR(IF(INDEX(Kintoneデータ抽出!F:F, _xlfn.AGGREGATE(15, 6, ROW(Kintoneデータ抽出!$K$2:$K$5000) / ((Kintoneデータ抽出!$K$2:$K$5000="院内")), ROW(A16)))<>"", VLOOKUP(INDEX(Kintoneデータ抽出!F:F, _xlfn.AGGREGATE(15, 6, ROW(Kintoneデータ抽出!$K$2:$K$5000) / ((Kintoneデータ抽出!$K$2:$K$5000="院内")), ROW(A16))),基本開園日の表記!$A$2:$B$13,2,FALSE),""), "")} | L53: {=IFERROR(IF(INDEX(Kintoneデータ抽出!F:F, _xlfn.AGGREGATE(15, 6, ROW(Kintoneデータ抽出!$K$2:$K$5000) / ((Kintoneデータ抽出!$K$2:$K$5000="院内")), ROW(A16)))<>"", IF(COUNTIF(INDEX(Kintoneデータ抽出!F:F, _xlfn.AGGREGATE(15, 6, ROW(Kintoneデータ抽出!$K$2:$K$5000) / ((Kintoneデータ抽出!$K$2:$K$5000="院内")), ROW(A16))),"*あり*"),"夜間",""),""), "")} | M53: {=IFERROR(IF(INDEX(Kintoneデータ抽出!I:I, _xlfn.AGGREGATE(15, 6, ROW(Kintoneデータ抽出!$K$2:$K$5000) / ((Kintoneデータ抽出!$K$2:$K$5000="院内")), ROW(A16)))<>"", IF(COUNTIF(INDEX(Kintoneデータ抽出!I:I, _xlfn.AGGREGATE(15, 6, ROW(Kintoneデータ抽出!$K$2:$K$5000) / ((Kintoneデータ抽出!$K$2:$K$5000="院内")), ROW(A16))),"*あり*"),"学童",""),""), "")} | N53: {=IFERROR(IF(INDEX(Kintoneデータ抽出!H:H, _xlfn.AGGREGATE(15, 6, ROW(Kintoneデータ抽出!$K$2:$K$5000) / ((Kintoneデータ抽出!$K$2:$K$5000="院内")), ROW(A16)))<>"", IF(COUNTIF(INDEX(Kintoneデータ抽出!H:H, _xlfn.AGGREGATE(15, 6, ROW(Kintoneデータ抽出!$K$2:$K$5000) / ((Kintoneデータ抽出!$K$2:$K$5000="院内")), ROW(A16))),"*あり*"),"病児",""),""), "")} | O53: {=IFERROR( IF(INDEX(Kintoneデータ抽出!M:M, _xlfn.AGGREGATE(15, 6, ROW(Kintoneデータ抽出!$K$2:$K$5000) / ((Kintoneデータ抽出!$K$2:$K$5000="院内")), ROW(A16)))<>0,INDEX(Kintoneデータ抽出!M:M, _xlfn.AGGREGATE(15, 6, ROW(Kintoneデータ抽出!$K$2:$K$5000) / ((Kintoneデータ抽出!$K$2:$K$5000="院内")), ROW(A16))),""), "")} | P53: {=IFERROR(IF(INDEX(Kintoneデータ抽出!L:L, _xlfn.AGGREGATE(15, 6, ROW(Kintoneデータ抽出!$K$2:$K$5000) / ((Kintoneデータ抽出!$K$2:$K$5000="院内")), ROW(A16)))<>"", IF(COUNTIF(INDEX(Kintoneデータ抽出!L:L, _xlfn.AGGREGATE(15, 6, ROW(Kintoneデータ抽出!$K$2:$K$5000) / ((Kintoneデータ抽出!$K$2:$K$5000="院内")), ROW(A16))),"*企業主導型以外*"),"", IF(COUNTIF(INDEX(Kintoneデータ抽出!L:L, _xlfn.AGGREGATE(15, 6, ROW(Kintoneデータ抽出!$K$2:$K$5000) / ((Kintoneデータ抽出!$K$2:$K$5000="院内")), ROW(A16))),"*その他*"),"", IF(COUNTIF(INDEX(Kintoneデータ抽出!L:L, _xlfn.AGGREGATE(15, 6, ROW(Kintoneデータ抽出!$K$2:$K$5000) / ((Kintoneデータ抽出!$K$2:$K$5000="院内")), ROW(A16))),"*新制度*"),"新制度","企業主導型"))),""), "")}
D54: =IF(H54<>"",D53+1,D53) | F54: {=IFERROR(INDEX(Kintoneデータ抽出!A:A, _xlfn.AGGREGATE(15, 6, ROW(Kintoneデータ抽出!$K$2:$K$5000) / ((Kintoneデータ抽出!$K$2:$K$5000="院内")), ROW(A17))), "")} | G54: {=IFERROR(INDEX(Kintoneデータ抽出!D:D, _xlfn.AGGREGATE(15, 6, ROW(Kintoneデータ抽出!$K$2:$K$5000) / ((Kintoneデータ抽出!$K$2:$K$5000="院内")), ROW(A17))), "")} | H54: {=IFERROR(INDEX(Kintoneデータ抽出!C:C, _xlfn.AGGREGATE(15, 6, ROW(Kintoneデータ抽出!$K$2:$K$5000) / ((Kintoneデータ抽出!$K$2:$K$5000="院内")), ROW(A17))), "")} | I54: {=IFERROR(IF(INDEX(Kintoneデータ抽出!G:G, _xlfn.AGGREGATE(15, 6, ROW(Kintoneデータ抽出!$K$2:$K$5000) / ((Kintoneデータ抽出!$K$2:$K$5000="院内")), ROW(A17)))<>"",INDEX(Kintoneデータ抽出!G:G, _xlfn.AGGREGATE(15, 6, ROW(Kintoneデータ抽出!$K$2:$K$5000) / ((Kintoneデータ抽出!$K$2:$K$5000="院内")), ROW(A17)))&"名",""), "")} | J54: {=IFERROR(IF(INDEX(Kintoneデータ抽出!E:E, _xlfn.AGGREGATE(15, 6, ROW(Kintoneデータ抽出!$K$2:$K$5000) / ((Kintoneデータ抽出!$K$2:$K$5000="院内")), ROW(A17)))<>"", YEAR(INDEX(Kintoneデータ抽出!E:E, _xlfn.AGGREGATE(15, 6, ROW(Kintoneデータ抽出!$K$2:$K$5000) / ((Kintoneデータ抽出!$K$2:$K$5000="院内")), ROW(A17))))&"年" &MONTH(INDEX(Kintoneデータ抽出!E:E, _xlfn.AGGREGATE(15, 6, ROW(Kintoneデータ抽出!$K$2:$K$5000) / ((Kintoneデータ抽出!$K$2:$K$5000="院内")), ROW(A17))))&"月" &DAY(INDEX(Kintoneデータ抽出!E:E, _xlfn.AGGREGATE(15, 6, ROW(Kintoneデータ抽出!$K$2:$K$5000) /((Kintoneデータ抽出!$K$2:$K$5000="院内")), ROW(A17))))&"日",""), "")} | K54: {=IFERROR(IF(INDEX(Kintoneデータ抽出!F:F, _xlfn.AGGREGATE(15, 6, ROW(Kintoneデータ抽出!$K$2:$K$5000) / ((Kintoneデータ抽出!$K$2:$K$5000="院内")), ROW(A17)))<>"", VLOOKUP(INDEX(Kintoneデータ抽出!F:F, _xlfn.AGGREGATE(15, 6, ROW(Kintoneデータ抽出!$K$2:$K$5000) / ((Kintoneデータ抽出!$K$2:$K$5000="院内")), ROW(A17))),基本開園日の表記!$A$2:$B$13,2,FALSE),""), "")} | L54: {=IFERROR(IF(INDEX(Kintoneデータ抽出!F:F, _xlfn.AGGREGATE(15, 6, ROW(Kintoneデータ抽出!$K$2:$K$5000) / ((Kintoneデータ抽出!$K$2:$K$5000="院内")), ROW(A17)))<>"", IF(COUNTIF(INDEX(Kintoneデータ抽出!F:F, _xlfn.AGGREGATE(15, 6, ROW(Kintoneデータ抽出!$K$2:$K$5000) / ((Kintoneデータ抽出!$K$2:$K$5000="院内")), ROW(A17))),"*あり*"),"夜間",""),""), "")} | M54: {=IFERROR(IF(INDEX(Kintoneデータ抽出!I:I, _xlfn.AGGREGATE(15, 6, ROW(Kintoneデータ抽出!$K$2:$K$5000) / ((Kintoneデータ抽出!$K$2:$K$5000="院内")), ROW(A17)))<>"", IF(COUNTIF(INDEX(Kintoneデータ抽出!I:I, _xlfn.AGGREGATE(15, 6, ROW(Kintoneデータ抽出!$K$2:$K$5000) / ((Kintoneデータ抽出!$K$2:$K$5000="院内")), ROW(A17))),"*あり*"),"学童",""),""), "")} | N54: {=IFERROR(IF(INDEX(Kintoneデータ抽出!H:H, _xlfn.AGGREGATE(15, 6, ROW(Kintoneデータ抽出!$K$2:$K$5000) / ((Kintoneデータ抽出!$K$2:$K$5000="院内")), ROW(A17)))<>"", IF(COUNTIF(INDEX(Kintoneデータ抽出!H:H, _xlfn.AGGREGATE(15, 6, ROW(Kintoneデータ抽出!$K$2:$K$5000) / ((Kintoneデータ抽出!$K$2:$K$5000="院内")), ROW(A17))),"*あり*"),"病児",""),""), "")} | O54: {=IFERROR( IF(INDEX(Kintoneデータ抽出!M:M, _xlfn.AGGREGATE(15, 6, ROW(Kintoneデータ抽出!$K$2:$K$5000) / ((Kintoneデータ抽出!$K$2:$K$5000="院内")), ROW(A17)))<>0,INDEX(Kintoneデータ抽出!M:M, _xlfn.AGGREGATE(15, 6, ROW(Kintoneデータ抽出!$K$2:$K$5000) / ((Kintoneデータ抽出!$K$2:$K$5000="院内")), ROW(A17))),""), "")} | P54: {=IFERROR(IF(INDEX(Kintoneデータ抽出!L:L, _xlfn.AGGREGATE(15, 6, ROW(Kintoneデータ抽出!$K$2:$K$5000) / ((Kintoneデータ抽出!$K$2:$K$5000="院内")), ROW(A17)))<>"", IF(COUNTIF(INDEX(Kintoneデータ抽出!L:L, _xlfn.AGGREGATE(15, 6, ROW(Kintoneデータ抽出!$K$2:$K$5000) / ((Kintoneデータ抽出!$K$2:$K$5000="院内")), ROW(A17))),"*企業主導型以外*"),"", IF(COUNTIF(INDEX(Kintoneデータ抽出!L:L, _xlfn.AGGREGATE(15, 6, ROW(Kintoneデータ抽出!$K$2:$K$5000) / ((Kintoneデータ抽出!$K$2:$K$5000="院内")), ROW(A17))),"*その他*"),"", IF(COUNTIF(INDEX(Kintoneデータ抽出!L:L, _xlfn.AGGREGATE(15, 6, ROW(Kintoneデータ抽出!$K$2:$K$5000) / ((Kintoneデータ抽出!$K$2:$K$5000="院内")), ROW(A17))),"*新制度*"),"新制度","企業主導型"))),""), "")}
D55: =IF(H55<>"",D54+1,D54) | F55: {=IFERROR(INDEX(Kintoneデータ抽出!A:A, _xlfn.AGGREGATE(15, 6, ROW(Kintoneデータ抽出!$K$2:$K$5000) / ((Kintoneデータ抽出!$K$2:$K$5000="院内")), ROW(A18))), "")} | G55: {=IFERROR(INDEX(Kintoneデータ抽出!D:D, _xlfn.AGGREGATE(15, 6, ROW(Kintoneデータ抽出!$K$2:$K$5000) / ((Kintoneデータ抽出!$K$2:$K$5000="院内")), ROW(A18))), "")} | H55: {=IFERROR(INDEX(Kintoneデータ抽出!C:C, _xlfn.AGGREGATE(15, 6, ROW(Kintoneデータ抽出!$K$2:$K$5000) / ((Kintoneデータ抽出!$K$2:$K$5000="院内")), ROW(A18))), "")} | I55: {=IFERROR(IF(INDEX(Kintoneデータ抽出!G:G, _xlfn.AGGREGATE(15, 6, ROW(Kintoneデータ抽出!$K$2:$K$5000) / ((Kintoneデータ抽出!$K$2:$K$5000="院内")), ROW(A18)))<>"",INDEX(Kintoneデータ抽出!G:G, _xlfn.AGGREGATE(15, 6, ROW(Kintoneデータ抽出!$K$2:$K$5000) / ((Kintoneデータ抽出!$K$2:$K$5000="院内")), ROW(A18)))&"名",""), "")} | J55: {=IFERROR(IF(INDEX(Kintoneデータ抽出!E:E, _xlfn.AGGREGATE(15, 6, ROW(Kintoneデータ抽出!$K$2:$K$5000) / ((Kintoneデータ抽出!$K$2:$K$5000="院内")), ROW(A18)))<>"", YEAR(INDEX(Kintoneデータ抽出!E:E, _xlfn.AGGREGATE(15, 6, ROW(Kintoneデータ抽出!$K$2:$K$5000) / ((Kintoneデータ抽出!$K$2:$K$5000="院内")), ROW(A18))))&"年" &MONTH(INDEX(Kintoneデータ抽出!E:E, _xlfn.AGGREGATE(15, 6, ROW(Kintoneデータ抽出!$K$2:$K$5000) / ((Kintoneデータ抽出!$K$2:$K$5000="院内")), ROW(A18))))&"月" &DAY(INDEX(Kintoneデータ抽出!E:E, _xlfn.AGGREGATE(15, 6, ROW(Kintoneデータ抽出!$K$2:$K$5000) /((Kintoneデータ抽出!$K$2:$K$5000="院内")), ROW(A18))))&"日",""), "")} | K55: {=IFERROR(IF(INDEX(Kintoneデータ抽出!F:F, _xlfn.AGGREGATE(15, 6, ROW(Kintoneデータ抽出!$K$2:$K$5000) / ((Kintoneデータ抽出!$K$2:$K$5000="院内")), ROW(A18)))<>"", VLOOKUP(INDEX(Kintoneデータ抽出!F:F, _xlfn.AGGREGATE(15, 6, ROW(Kintoneデータ抽出!$K$2:$K$5000) / ((Kintoneデータ抽出!$K$2:$K$5000="院内")), ROW(A18))),基本開園日の表記!$A$2:$B$13,2,FALSE),""), "")} | L55: {=IFERROR(IF(INDEX(Kintoneデータ抽出!F:F, _xlfn.AGGREGATE(15, 6, ROW(Kintoneデータ抽出!$K$2:$K$5000) / ((Kintoneデータ抽出!$K$2:$K$5000="院内")), ROW(A18)))<>"", IF(COUNTIF(INDEX(Kintoneデータ抽出!F:F, _xlfn.AGGREGATE(15, 6, ROW(Kintoneデータ抽出!$K$2:$K$5000) / ((Kintoneデータ抽出!$K$2:$K$5000="院内")), ROW(A18))),"*あり*"),"夜間",""),""), "")} | M55: {=IFERROR(IF(INDEX(Kintoneデータ抽出!I:I, _xlfn.AGGREGATE(15, 6, ROW(Kintoneデータ抽出!$K$2:$K$5000) / ((Kintoneデータ抽出!$K$2:$K$5000="院内")), ROW(A18)))<>"", IF(COUNTIF(INDEX(Kintoneデータ抽出!I:I, _xlfn.AGGREGATE(15, 6, ROW(Kintoneデータ抽出!$K$2:$K$5000) / ((Kintoneデータ抽出!$K$2:$K$5000="院内")), ROW(A18))),"*あり*"),"学童",""),""), "")} | N55: {=IFERROR(IF(INDEX(Kintoneデータ抽出!H:H, _xlfn.AGGREGATE(15, 6, ROW(Kintoneデータ抽出!$K$2:$K$5000) / ((Kintoneデータ抽出!$K$2:$K$5000="院内")), ROW(A18)))<>"", IF(COUNTIF(INDEX(Kintoneデータ抽出!H:H, _xlfn.AGGREGATE(15, 6, ROW(Kintoneデータ抽出!$K$2:$K$5000) / ((Kintoneデータ抽出!$K$2:$K$5000="院内")), ROW(A18))),"*あり*"),"病児",""),""), "")} | O55: {=IFERROR( IF(INDEX(Kintoneデータ抽出!M:M, _xlfn.AGGREGATE(15, 6, ROW(Kintoneデータ抽出!$K$2:$K$5000) / ((Kintoneデータ抽出!$K$2:$K$5000="院内")), ROW(A18)))<>0,INDEX(Kintoneデータ抽出!M:M, _xlfn.AGGREGATE(15, 6, ROW(Kintoneデータ抽出!$K$2:$K$5000) / ((Kintoneデータ抽出!$K$2:$K$5000="院内")), ROW(A18))),""), "")} | P55: {=IFERROR(IF(INDEX(Kintoneデータ抽出!L:L, _xlfn.AGGREGATE(15, 6, ROW(Kintoneデータ抽出!$K$2:$K$5000) / ((Kintoneデータ抽出!$K$2:$K$5000="院内")), ROW(A18)))<>"", IF(COUNTIF(INDEX(Kintoneデータ抽出!L:L, _xlfn.AGGREGATE(15, 6, ROW(Kintoneデータ抽出!$K$2:$K$5000) / ((Kintoneデータ抽出!$K$2:$K$5000="院内")), ROW(A18))),"*企業主導型以外*"),"", IF(COUNTIF(INDEX(Kintoneデータ抽出!L:L, _xlfn.AGGREGATE(15, 6, ROW(Kintoneデータ抽出!$K$2:$K$5000) / ((Kintoneデータ抽出!$K$2:$K$5000="院内")), ROW(A18))),"*その他*"),"", IF(COUNTIF(INDEX(Kintoneデータ抽出!L:L, _xlfn.AGGREGATE(15, 6, ROW(Kintoneデータ抽出!$K$2:$K$5000) / ((Kintoneデータ抽出!$K$2:$K$5000="院内")), ROW(A18))),"*新制度*"),"新制度","企業主導型"))),""), "")}
D56: =IF(H56<>"",D55+1,D55) | F56: {=IFERROR(INDEX(Kintoneデータ抽出!A:A, _xlfn.AGGREGATE(15, 6, ROW(Kintoneデータ抽出!$K$2:$K$5000) / ((Kintoneデータ抽出!$K$2:$K$5000="院内")), ROW(A19))), "")} | G56: {=IFERROR(INDEX(Kintoneデータ抽出!D:D, _xlfn.AGGREGATE(15, 6, ROW(Kintoneデータ抽出!$K$2:$K$5000) / ((Kintoneデータ抽出!$K$2:$K$5000="院内")), ROW(A19))), "")} | H56: {=IFERROR(INDEX(Kintoneデータ抽出!C:C, _xlfn.AGGREGATE(15, 6, ROW(Kintoneデータ抽出!$K$2:$K$5000) / ((Kintoneデータ抽出!$K$2:$K$5000="院内")), ROW(A19))), "")} | I56: {=IFERROR(IF(INDEX(Kintoneデータ抽出!G:G, _xlfn.AGGREGATE(15, 6, ROW(Kintoneデータ抽出!$K$2:$K$5000) / ((Kintoneデータ抽出!$K$2:$K$5000="院内")), ROW(A19)))<>"",INDEX(Kintoneデータ抽出!G:G, _xlfn.AGGREGATE(15, 6, ROW(Kintoneデータ抽出!$K$2:$K$5000) / ((Kintoneデータ抽出!$K$2:$K$5000="院内")), ROW(A19)))&"名",""), "")} | J56: {=IFERROR(IF(INDEX(Kintoneデータ抽出!E:E, _xlfn.AGGREGATE(15, 6, ROW(Kintoneデータ抽出!$K$2:$K$5000) / ((Kintoneデータ抽出!$K$2:$K$5000="院内")), ROW(A19)))<>"", YEAR(INDEX(Kintoneデータ抽出!E:E, _xlfn.AGGREGATE(15, 6, ROW(Kintoneデータ抽出!$K$2:$K$5000) / ((Kintoneデータ抽出!$K$2:$K$5000="院内")), ROW(A19))))&"年" &MONTH(INDEX(Kintoneデータ抽出!E:E, _xlfn.AGGREGATE(15, 6, ROW(Kintoneデータ抽出!$K$2:$K$5000) / ((Kintoneデータ抽出!$K$2:$K$5000="院内")), ROW(A19))))&"月" &DAY(INDEX(Kintoneデータ抽出!E:E, _xlfn.AGGREGATE(15, 6, ROW(Kintoneデータ抽出!$K$2:$K$5000) /((Kintoneデータ抽出!$K$2:$K$5000="院内")), ROW(A19))))&"日",""), "")} | K56: {=IFERROR(IF(INDEX(Kintoneデータ抽出!F:F, _xlfn.AGGREGATE(15, 6, ROW(Kintoneデータ抽出!$K$2:$K$5000) / ((Kintoneデータ抽出!$K$2:$K$5000="院内")), ROW(A19)))<>"", VLOOKUP(INDEX(Kintoneデータ抽出!F:F, _xlfn.AGGREGATE(15, 6, ROW(Kintoneデータ抽出!$K$2:$K$5000) / ((Kintoneデータ抽出!$K$2:$K$5000="院内")), ROW(A19))),基本開園日の表記!$A$2:$B$13,2,FALSE),""), "")} | L56: {=IFERROR(IF(INDEX(Kintoneデータ抽出!F:F, _xlfn.AGGREGATE(15, 6, ROW(Kintoneデータ抽出!$K$2:$K$5000) / ((Kintoneデータ抽出!$K$2:$K$5000="院内")), ROW(A19)))<>"", IF(COUNTIF(INDEX(Kintoneデータ抽出!F:F, _xlfn.AGGREGATE(15, 6, ROW(Kintoneデータ抽出!$K$2:$K$5000) / ((Kintoneデータ抽出!$K$2:$K$5000="院内")), ROW(A19))),"*あり*"),"夜間",""),""), "")} | M56: {=IFERROR(IF(INDEX(Kintoneデータ抽出!I:I, _xlfn.AGGREGATE(15, 6, ROW(Kintoneデータ抽出!$K$2:$K$5000) / ((Kintoneデータ抽出!$K$2:$K$5000="院内")), ROW(A19)))<>"", IF(COUNTIF(INDEX(Kintoneデータ抽出!I:I, _xlfn.AGGREGATE(15, 6, ROW(Kintoneデータ抽出!$K$2:$K$5000) / ((Kintoneデータ抽出!$K$2:$K$5000="院内")), ROW(A19))),"*あり*"),"学童",""),""), "")} | N56: {=IFERROR(IF(INDEX(Kintoneデータ抽出!H:H, _xlfn.AGGREGATE(15, 6, ROW(Kintoneデータ抽出!$K$2:$K$5000) / ((Kintoneデータ抽出!$K$2:$K$5000="院内")), ROW(A19)))<>"", IF(COUNTIF(INDEX(Kintoneデータ抽出!H:H, _xlfn.AGGREGATE(15, 6, ROW(Kintoneデータ抽出!$K$2:$K$5000) / ((Kintoneデータ抽出!$K$2:$K$5000="院内")), ROW(A19))),"*あり*"),"病児",""),""), "")} | O56: {=IFERROR( IF(INDEX(Kintoneデータ抽出!M:M, _xlfn.AGGREGATE(15, 6, ROW(Kintoneデータ抽出!$K$2:$K$5000) / ((Kintoneデータ抽出!$K$2:$K$5000="院内")), ROW(A19)))<>0,INDEX(Kintoneデータ抽出!M:M, _xlfn.AGGREGATE(15, 6, ROW(Kintoneデータ抽出!$K$2:$K$5000) / ((Kintoneデータ抽出!$K$2:$K$5000="院内")), ROW(A19))),""), "")} | P56: {=IFERROR(IF(INDEX(Kintoneデータ抽出!L:L, _xlfn.AGGREGATE(15, 6, ROW(Kintoneデータ抽出!$K$2:$K$5000) / ((Kintoneデータ抽出!$K$2:$K$5000="院内")), ROW(A19)))<>"", IF(COUNTIF(INDEX(Kintoneデータ抽出!L:L, _xlfn.AGGREGATE(15, 6, ROW(Kintoneデータ抽出!$K$2:$K$5000) / ((Kintoneデータ抽出!$K$2:$K$5000="院内")), ROW(A19))),"*企業主導型以外*"),"", IF(COUNTIF(INDEX(Kintoneデータ抽出!L:L, _xlfn.AGGREGATE(15, 6, ROW(Kintoneデータ抽出!$K$2:$K$5000) / ((Kintoneデータ抽出!$K$2:$K$5000="院内")), ROW(A19))),"*その他*"),"", IF(COUNTIF(INDEX(Kintoneデータ抽出!L:L, _xlfn.AGGREGATE(15, 6, ROW(Kintoneデータ抽出!$K$2:$K$5000) / ((Kintoneデータ抽出!$K$2:$K$5000="院内")), ROW(A19))),"*新制度*"),"新制度","企業主導型"))),""), "")}
D57: =IF(H57<>"",D56+1,D56) | F57: {=IFERROR(INDEX(Kintoneデータ抽出!A:A, _xlfn.AGGREGATE(15, 6, ROW(Kintoneデータ抽出!$K$2:$K$5000) / ((Kintoneデータ抽出!$K$2:$K$5000="院内")), ROW(A20))), "")} | G57: {=IFERROR(INDEX(Kintoneデータ抽出!D:D, _xlfn.AGGREGATE(15, 6, ROW(Kintoneデータ抽出!$K$2:$K$5000) / ((Kintoneデータ抽出!$K$2:$K$5000="院内")), ROW(A20))), "")} | H57: {=IFERROR(INDEX(Kintoneデータ抽出!C:C, _xlfn.AGGREGATE(15, 6, ROW(Kintoneデータ抽出!$K$2:$K$5000) / ((Kintoneデータ抽出!$K$2:$K$5000="院内")), ROW(A20))), "")} | I57: {=IFERROR(IF(INDEX(Kintoneデータ抽出!G:G, _xlfn.AGGREGATE(15, 6, ROW(Kintoneデータ抽出!$K$2:$K$5000) / ((Kintoneデータ抽出!$K$2:$K$5000="院内")), ROW(A20)))<>"",INDEX(Kintoneデータ抽出!G:G, _xlfn.AGGREGATE(15, 6, ROW(Kintoneデータ抽出!$K$2:$K$5000) / ((Kintoneデータ抽出!$K$2:$K$5000="院内")), ROW(A20)))&"名",""), "")} | J57: {=IFERROR(IF(INDEX(Kintoneデータ抽出!E:E, _xlfn.AGGREGATE(15, 6, ROW(Kintoneデータ抽出!$K$2:$K$5000) / ((Kintoneデータ抽出!$K$2:$K$5000="院内")), ROW(A20)))<>"", YEAR(INDEX(Kintoneデータ抽出!E:E, _xlfn.AGGREGATE(15, 6, ROW(Kintoneデータ抽出!$K$2:$K$5000) / ((Kintoneデータ抽出!$K$2:$K$5000="院内")), ROW(A20))))&"年" &MONTH(INDEX(Kintoneデータ抽出!E:E, _xlfn.AGGREGATE(15, 6, ROW(Kintoneデータ抽出!$K$2:$K$5000) / ((Kintoneデータ抽出!$K$2:$K$5000="院内")), ROW(A20))))&"月" &DAY(INDEX(Kintoneデータ抽出!E:E, _xlfn.AGGREGATE(15, 6, ROW(Kintoneデータ抽出!$K$2:$K$5000) /((Kintoneデータ抽出!$K$2:$K$5000="院内")), ROW(A20))))&"日",""), "")} | K57: {=IFERROR(IF(INDEX(Kintoneデータ抽出!F:F, _xlfn.AGGREGATE(15, 6, ROW(Kintoneデータ抽出!$K$2:$K$5000) / ((Kintoneデータ抽出!$K$2:$K$5000="院内")), ROW(A20)))<>"", VLOOKUP(INDEX(Kintoneデータ抽出!F:F, _xlfn.AGGREGATE(15, 6, ROW(Kintoneデータ抽出!$K$2:$K$5000) / ((Kintoneデータ抽出!$K$2:$K$5000="院内")), ROW(A20))),基本開園日の表記!$A$2:$B$13,2,FALSE),""), "")} | L57: {=IFERROR(IF(INDEX(Kintoneデータ抽出!F:F, _xlfn.AGGREGATE(15, 6, ROW(Kintoneデータ抽出!$K$2:$K$5000) / ((Kintoneデータ抽出!$K$2:$K$5000="院内")), ROW(A20)))<>"", IF(COUNTIF(INDEX(Kintoneデータ抽出!F:F, _xlfn.AGGREGATE(15, 6, ROW(Kintoneデータ抽出!$K$2:$K$5000) / ((Kintoneデータ抽出!$K$2:$K$5000="院内")), ROW(A20))),"*あり*"),"夜間",""),""), "")} | M57: {=IFERROR(IF(INDEX(Kintoneデータ抽出!I:I, _xlfn.AGGREGATE(15, 6, ROW(Kintoneデータ抽出!$K$2:$K$5000) / ((Kintoneデータ抽出!$K$2:$K$5000="院内")), ROW(A20)))<>"", IF(COUNTIF(INDEX(Kintoneデータ抽出!I:I, _xlfn.AGGREGATE(15, 6, ROW(Kintoneデータ抽出!$K$2:$K$5000) / ((Kintoneデータ抽出!$K$2:$K$5000="院内")), ROW(A20))),"*あり*"),"学童",""),""), "")} | N57: {=IFERROR(IF(INDEX(Kintoneデータ抽出!H:H, _xlfn.AGGREGATE(15, 6, ROW(Kintoneデータ抽出!$K$2:$K$5000) / ((Kintoneデータ抽出!$K$2:$K$5000="院内")), ROW(A20)))<>"", IF(COUNTIF(INDEX(Kintoneデータ抽出!H:H, _xlfn.AGGREGATE(15, 6, ROW(Kintoneデータ抽出!$K$2:$K$5000) / ((Kintoneデータ抽出!$K$2:$K$5000="院内")), ROW(A20))),"*あり*"),"病児",""),""), "")} | O57: {=IFERROR( IF(INDEX(Kintoneデータ抽出!M:M, _xlfn.AGGREGATE(15, 6, ROW(Kintoneデータ抽出!$K$2:$K$5000) / ((Kintoneデータ抽出!$K$2:$K$5000="院内")), ROW(A20)))<>0,INDEX(Kintoneデータ抽出!M:M, _xlfn.AGGREGATE(15, 6, ROW(Kintoneデータ抽出!$K$2:$K$5000) / ((Kintoneデータ抽出!$K$2:$K$5000="院内")), ROW(A20))),""), "")} | P57: {=IFERROR(IF(INDEX(Kintoneデータ抽出!L:L, _xlfn.AGGREGATE(15, 6, ROW(Kintoneデータ抽出!$K$2:$K$5000) / ((Kintoneデータ抽出!$K$2:$K$5000="院内")), ROW(A20)))<>"", IF(COUNTIF(INDEX(Kintoneデータ抽出!L:L, _xlfn.AGGREGATE(15, 6, ROW(Kintoneデータ抽出!$K$2:$K$5000) / ((Kintoneデータ抽出!$K$2:$K$5000="院内")), ROW(A20))),"*企業主導型以外*"),"", IF(COUNTIF(INDEX(Kintoneデータ抽出!L:L, _xlfn.AGGREGATE(15, 6, ROW(Kintoneデータ抽出!$K$2:$K$5000) / ((Kintoneデータ抽出!$K$2:$K$5000="院内")), ROW(A20))),"*その他*"),"", IF(COUNTIF(INDEX(Kintoneデータ抽出!L:L, _xlfn.AGGREGATE(15, 6, ROW(Kintoneデータ抽出!$K$2:$K$5000) / ((Kintoneデータ抽出!$K$2:$K$5000="院内")), ROW(A20))),"*新制度*"),"新制度","企業主導型"))),""), "")}
D58: =IF(H58<>"",D57+1,D57) | F58: {=IFERROR(INDEX(Kintoneデータ抽出!A:A, _xlfn.AGGREGATE(15, 6, ROW(Kintoneデータ抽出!$K$2:$K$5000) / ((Kintoneデータ抽出!$K$2:$K$5000="院内")), ROW(A21))), "")} | G58: {=IFERROR(INDEX(Kintoneデータ抽出!D:D, _xlfn.AGGREGATE(15, 6, ROW(Kintoneデータ抽出!$K$2:$K$5000) / ((Kintoneデータ抽出!$K$2:$K$5000="院内")), ROW(A21))), "")} | H58: {=IFERROR(INDEX(Kintoneデータ抽出!C:C, _xlfn.AGGREGATE(15, 6, ROW(Kintoneデータ抽出!$K$2:$K$5000) / ((Kintoneデータ抽出!$K$2:$K$5000="院内")), ROW(A21))), "")} | I58: {=IFERROR(IF(INDEX(Kintoneデータ抽出!G:G, _xlfn.AGGREGATE(15, 6, ROW(Kintoneデータ抽出!$K$2:$K$5000) / ((Kintoneデータ抽出!$K$2:$K$5000="院内")), ROW(A21)))<>"",INDEX(Kintoneデータ抽出!G:G, _xlfn.AGGREGATE(15, 6, ROW(Kintoneデータ抽出!$K$2:$K$5000) / ((Kintoneデータ抽出!$K$2:$K$5000="院内")), ROW(A21)))&"名",""), "")} | J58: {=IFERROR(IF(INDEX(Kintoneデータ抽出!E:E, _xlfn.AGGREGATE(15, 6, ROW(Kintoneデータ抽出!$K$2:$K$5000) / ((Kintoneデータ抽出!$K$2:$K$5000="院内")), ROW(A21)))<>"", YEAR(INDEX(Kintoneデータ抽出!E:E, _xlfn.AGGREGATE(15, 6, ROW(Kintoneデータ抽出!$K$2:$K$5000) / ((Kintoneデータ抽出!$K$2:$K$5000="院内")), ROW(A21))))&"年" &MONTH(INDEX(Kintoneデータ抽出!E:E, _xlfn.AGGREGATE(15, 6, ROW(Kintoneデータ抽出!$K$2:$K$5000) / ((Kintoneデータ抽出!$K$2:$K$5000="院内")), ROW(A21))))&"月" &DAY(INDEX(Kintoneデータ抽出!E:E, _xlfn.AGGREGATE(15, 6, ROW(Kintoneデータ抽出!$K$2:$K$5000) /((Kintoneデータ抽出!$K$2:$K$5000="院内")), ROW(A21))))&"日",""), "")} | K58: {=IFERROR(IF(INDEX(Kintoneデータ抽出!F:F, _xlfn.AGGREGATE(15, 6, ROW(Kintoneデータ抽出!$K$2:$K$5000) / ((Kintoneデータ抽出!$K$2:$K$5000="院内")), ROW(A21)))<>"", VLOOKUP(INDEX(Kintoneデータ抽出!F:F, _xlfn.AGGREGATE(15, 6, ROW(Kintoneデータ抽出!$K$2:$K$5000) / ((Kintoneデータ抽出!$K$2:$K$5000="院内")), ROW(A21))),基本開園日の表記!$A$2:$B$13,2,FALSE),""), "")} | L58: {=IFERROR(IF(INDEX(Kintoneデータ抽出!F:F, _xlfn.AGGREGATE(15, 6, ROW(Kintoneデータ抽出!$K$2:$K$5000) / ((Kintoneデータ抽出!$K$2:$K$5000="院内")), ROW(A21)))<>"", IF(COUNTIF(INDEX(Kintoneデータ抽出!F:F, _xlfn.AGGREGATE(15, 6, ROW(Kintoneデータ抽出!$K$2:$K$5000) / ((Kintoneデータ抽出!$K$2:$K$5000="院内")), ROW(A21))),"*あり*"),"夜間",""),""), "")} | M58: {=IFERROR(IF(INDEX(Kintoneデータ抽出!I:I, _xlfn.AGGREGATE(15, 6, ROW(Kintoneデータ抽出!$K$2:$K$5000) / ((Kintoneデータ抽出!$K$2:$K$5000="院内")), ROW(A21)))<>"", IF(COUNTIF(INDEX(Kintoneデータ抽出!I:I, _xlfn.AGGREGATE(15, 6, ROW(Kintoneデータ抽出!$K$2:$K$5000) / ((Kintoneデータ抽出!$K$2:$K$5000="院内")), ROW(A21))),"*あり*"),"学童",""),""), "")} | N58: {=IFERROR(IF(INDEX(Kintoneデータ抽出!H:H, _xlfn.AGGREGATE(15, 6, ROW(Kintoneデータ抽出!$K$2:$K$5000) / ((Kintoneデータ抽出!$K$2:$K$5000="院内")), ROW(A21)))<>"", IF(COUNTIF(INDEX(Kintoneデータ抽出!H:H, _xlfn.AGGREGATE(15, 6, ROW(Kintoneデータ抽出!$K$2:$K$5000) / ((Kintoneデータ抽出!$K$2:$K$5000="院内")), ROW(A21))),"*あり*"),"病児",""),""), "")} | O58: {=IFERROR( IF(INDEX(Kintoneデータ抽出!M:M, _xlfn.AGGREGATE(15, 6, ROW(Kintoneデータ抽出!$K$2:$K$5000) / ((Kintoneデータ抽出!$K$2:$K$5000="院内")), ROW(A21)))<>0,INDEX(Kintoneデータ抽出!M:M, _xlfn.AGGREGATE(15, 6, ROW(Kintoneデータ抽出!$K$2:$K$5000) / ((Kintoneデータ抽出!$K$2:$K$5000="院内")), ROW(A21))),""), "")} | P58: {=IFERROR(IF(INDEX(Kintoneデータ抽出!L:L, _xlfn.AGGREGATE(15, 6, ROW(Kintoneデータ抽出!$K$2:$K$5000) / ((Kintoneデータ抽出!$K$2:$K$5000="院内")), ROW(A21)))<>"", IF(COUNTIF(INDEX(Kintoneデータ抽出!L:L, _xlfn.AGGREGATE(15, 6, ROW(Kintoneデータ抽出!$K$2:$K$5000) / ((Kintoneデータ抽出!$K$2:$K$5000="院内")), ROW(A21))),"*企業主導型以外*"),"", IF(COUNTIF(INDEX(Kintoneデータ抽出!L:L, _xlfn.AGGREGATE(15, 6, ROW(Kintoneデータ抽出!$K$2:$K$5000) / ((Kintoneデータ抽出!$K$2:$K$5000="院内")), ROW(A21))),"*その他*"),"", IF(COUNTIF(INDEX(Kintoneデータ抽出!L:L, _xlfn.AGGREGATE(15, 6, ROW(Kintoneデータ抽出!$K$2:$K$5000) / ((Kintoneデータ抽出!$K$2:$K$5000="院内")), ROW(A21))),"*新制度*"),"新制度","企業主導型"))),""), "")}
D59: =IF(H59<>"",D58+1,D58) | F59: {=IFERROR(INDEX(Kintoneデータ抽出!A:A, _xlfn.AGGREGATE(15, 6, ROW(Kintoneデータ抽出!$K$2:$K$5000) / ((Kintoneデータ抽出!$K$2:$K$5000="院内")), ROW(A22))), "")} | G59: {=IFERROR(INDEX(Kintoneデータ抽出!D:D, _xlfn.AGGREGATE(15, 6, ROW(Kintoneデータ抽出!$K$2:$K$5000) / ((Kintoneデータ抽出!$K$2:$K$5000="院内")), ROW(A22))), "")} | H59: {=IFERROR(INDEX(Kintoneデータ抽出!C:C, _xlfn.AGGREGATE(15, 6, ROW(Kintoneデータ抽出!$K$2:$K$5000) / ((Kintoneデータ抽出!$K$2:$K$5000="院内")), ROW(A22))), "")} | I59: {=IFERROR(IF(INDEX(Kintoneデータ抽出!G:G, _xlfn.AGGREGATE(15, 6, ROW(Kintoneデータ抽出!$K$2:$K$5000) / ((Kintoneデータ抽出!$K$2:$K$5000="院内")), ROW(A22)))<>"",INDEX(Kintoneデータ抽出!G:G, _xlfn.AGGREGATE(15, 6, ROW(Kintoneデータ抽出!$K$2:$K$5000) / ((Kintoneデータ抽出!$K$2:$K$5000="院内")), ROW(A22)))&"名",""), "")} | J59: {=IFERROR(IF(INDEX(Kintoneデータ抽出!E:E, _xlfn.AGGREGATE(15, 6, ROW(Kintoneデータ抽出!$K$2:$K$5000) / ((Kintoneデータ抽出!$K$2:$K$5000="院内")), ROW(A22)))<>"", YEAR(INDEX(Kintoneデータ抽出!E:E, _xlfn.AGGREGATE(15, 6, ROW(Kintoneデータ抽出!$K$2:$K$5000) / ((Kintoneデータ抽出!$K$2:$K$5000="院内")), ROW(A22))))&"年" &MONTH(INDEX(Kintoneデータ抽出!E:E, _xlfn.AGGREGATE(15, 6, ROW(Kintoneデータ抽出!$K$2:$K$5000) / ((Kintoneデータ抽出!$K$2:$K$5000="院内")), ROW(A22))))&"月" &DAY(INDEX(Kintoneデータ抽出!E:E, _xlfn.AGGREGATE(15, 6, ROW(Kintoneデータ抽出!$K$2:$K$5000) /((Kintoneデータ抽出!$K$2:$K$5000="院内")), ROW(A22))))&"日",""), "")} | K59: {=IFERROR(IF(INDEX(Kintoneデータ抽出!F:F, _xlfn.AGGREGATE(15, 6, ROW(Kintoneデータ抽出!$K$2:$K$5000) / ((Kintoneデータ抽出!$K$2:$K$5000="院内")), ROW(A22)))<>"", VLOOKUP(INDEX(Kintoneデータ抽出!F:F, _xlfn.AGGREGATE(15, 6, ROW(Kintoneデータ抽出!$K$2:$K$5000) / ((Kintoneデータ抽出!$K$2:$K$5000="院内")), ROW(A22))),基本開園日の表記!$A$2:$B$13,2,FALSE),""), "")} | L59: {=IFERROR(IF(INDEX(Kintoneデータ抽出!F:F, _xlfn.AGGREGATE(15, 6, ROW(Kintoneデータ抽出!$K$2:$K$5000) / ((Kintoneデータ抽出!$K$2:$K$5000="院内")), ROW(A22)))<>"", IF(COUNTIF(INDEX(Kintoneデータ抽出!F:F, _xlfn.AGGREGATE(15, 6, ROW(Kintoneデータ抽出!$K$2:$K$5000) / ((Kintoneデータ抽出!$K$2:$K$5000="院内")), ROW(A22))),"*あり*"),"夜間",""),""), "")} | M59: {=IFERROR(IF(INDEX(Kintoneデータ抽出!I:I, _xlfn.AGGREGATE(15, 6, ROW(Kintoneデータ抽出!$K$2:$K$5000) / ((Kintoneデータ抽出!$K$2:$K$5000="院内")), ROW(A22)))<>"", IF(COUNTIF(INDEX(Kintoneデータ抽出!I:I, _xlfn.AGGREGATE(15, 6, ROW(Kintoneデータ抽出!$K$2:$K$5000) / ((Kintoneデータ抽出!$K$2:$K$5000="院内")), ROW(A22))),"*あり*"),"学童",""),""), "")} | N59: {=IFERROR(IF(INDEX(Kintoneデータ抽出!H:H, _xlfn.AGGREGATE(15, 6, ROW(Kintoneデータ抽出!$K$2:$K$5000) / ((Kintoneデータ抽出!$K$2:$K$5000="院内")), ROW(A22)))<>"", IF(COUNTIF(INDEX(Kintoneデータ抽出!H:H, _xlfn.AGGREGATE(15, 6, ROW(Kintoneデータ抽出!$K$2:$K$5000) / ((Kintoneデータ抽出!$K$2:$K$5000="院内")), ROW(A22))),"*あり*"),"病児",""),""), "")} | O59: {=IFERROR( IF(INDEX(Kintoneデータ抽出!M:M, _xlfn.AGGREGATE(15, 6, ROW(Kintoneデータ抽出!$K$2:$K$5000) / ((Kintoneデータ抽出!$K$2:$K$5000="院内")), ROW(A22)))<>0,INDEX(Kintoneデータ抽出!M:M, _xlfn.AGGREGATE(15, 6, ROW(Kintoneデータ抽出!$K$2:$K$5000) / ((Kintoneデータ抽出!$K$2:$K$5000="院内")), ROW(A22))),""), "")} | P59: {=IFERROR(IF(INDEX(Kintoneデータ抽出!L:L, _xlfn.AGGREGATE(15, 6, ROW(Kintoneデータ抽出!$K$2:$K$5000) / ((Kintoneデータ抽出!$K$2:$K$5000="院内")), ROW(A22)))<>"", IF(COUNTIF(INDEX(Kintoneデータ抽出!L:L, _xlfn.AGGREGATE(15, 6, ROW(Kintoneデータ抽出!$K$2:$K$5000) / ((Kintoneデータ抽出!$K$2:$K$5000="院内")), ROW(A22))),"*企業主導型以外*"),"", IF(COUNTIF(INDEX(Kintoneデータ抽出!L:L, _xlfn.AGGREGATE(15, 6, ROW(Kintoneデータ抽出!$K$2:$K$5000) / ((Kintoneデータ抽出!$K$2:$K$5000="院内")), ROW(A22))),"*その他*"),"", IF(COUNTIF(INDEX(Kintoneデータ抽出!L:L, _xlfn.AGGREGATE(15, 6, ROW(Kintoneデータ抽出!$K$2:$K$5000) / ((Kintoneデータ抽出!$K$2:$K$5000="院内")), ROW(A22))),"*新制度*"),"新制度","企業主導型"))),""), "")}
D60: =IF(H60<>"",D59+1,D59) | F60: {=IFERROR(INDEX(Kintoneデータ抽出!A:A, _xlfn.AGGREGATE(15, 6, ROW(Kintoneデータ抽出!$K$2:$K$5000) / ((Kintoneデータ抽出!$K$2:$K$5000="院内")), ROW(A23))), "")} | G60: {=IFERROR(INDEX(Kintoneデータ抽出!D:D, _xlfn.AGGREGATE(15, 6, ROW(Kintoneデータ抽出!$K$2:$K$5000) / ((Kintoneデータ抽出!$K$2:$K$5000="院内")), ROW(A23))), "")} | H60: {=IFERROR(INDEX(Kintoneデータ抽出!C:C, _xlfn.AGGREGATE(15, 6, ROW(Kintoneデータ抽出!$K$2:$K$5000) / ((Kintoneデータ抽出!$K$2:$K$5000="院内")), ROW(A23))), "")} | I60: {=IFERROR(IF(INDEX(Kintoneデータ抽出!G:G, _xlfn.AGGREGATE(15, 6, ROW(Kintoneデータ抽出!$K$2:$K$5000) / ((Kintoneデータ抽出!$K$2:$K$5000="院内")), ROW(A23)))<>"",INDEX(Kintoneデータ抽出!G:G, _xlfn.AGGREGATE(15, 6, ROW(Kintoneデータ抽出!$K$2:$K$5000) / ((Kintoneデータ抽出!$K$2:$K$5000="院内")), ROW(A23)))&"名",""), "")} | J60: {=IFERROR(IF(INDEX(Kintoneデータ抽出!E:E, _xlfn.AGGREGATE(15, 6, ROW(Kintoneデータ抽出!$K$2:$K$5000) / ((Kintoneデータ抽出!$K$2:$K$5000="院内")), ROW(A23)))<>"", YEAR(INDEX(Kintoneデータ抽出!E:E, _xlfn.AGGREGATE(15, 6, ROW(Kintoneデータ抽出!$K$2:$K$5000) / ((Kintoneデータ抽出!$K$2:$K$5000="院内")), ROW(A23))))&"年" &MONTH(INDEX(Kintoneデータ抽出!E:E, _xlfn.AGGREGATE(15, 6, ROW(Kintoneデータ抽出!$K$2:$K$5000) / ((Kintoneデータ抽出!$K$2:$K$5000="院内")), ROW(A23))))&"月" &DAY(INDEX(Kintoneデータ抽出!E:E, _xlfn.AGGREGATE(15, 6, ROW(Kintoneデータ抽出!$K$2:$K$5000) /((Kintoneデータ抽出!$K$2:$K$5000="院内")), ROW(A23))))&"日",""), "")} | K60: {=IFERROR(IF(INDEX(Kintoneデータ抽出!F:F, _xlfn.AGGREGATE(15, 6, ROW(Kintoneデータ抽出!$K$2:$K$5000) / ((Kintoneデータ抽出!$K$2:$K$5000="院内")), ROW(A23)))<>"", VLOOKUP(INDEX(Kintoneデータ抽出!F:F, _xlfn.AGGREGATE(15, 6, ROW(Kintoneデータ抽出!$K$2:$K$5000) / ((Kintoneデータ抽出!$K$2:$K$5000="院内")), ROW(A23))),基本開園日の表記!$A$2:$B$13,2,FALSE),""), "")} | L60: {=IFERROR(IF(INDEX(Kintoneデータ抽出!F:F, _xlfn.AGGREGATE(15, 6, ROW(Kintoneデータ抽出!$K$2:$K$5000) / ((Kintoneデータ抽出!$K$2:$K$5000="院内")), ROW(A23)))<>"", IF(COUNTIF(INDEX(Kintoneデータ抽出!F:F, _xlfn.AGGREGATE(15, 6, ROW(Kintoneデータ抽出!$K$2:$K$5000) / ((Kintoneデータ抽出!$K$2:$K$5000="院内")), ROW(A23))),"*あり*"),"夜間",""),""), "")} | M60: {=IFERROR(IF(INDEX(Kintoneデータ抽出!I:I, _xlfn.AGGREGATE(15, 6, ROW(Kintoneデータ抽出!$K$2:$K$5000) / ((Kintoneデータ抽出!$K$2:$K$5000="院内")), ROW(A23)))<>"", IF(COUNTIF(INDEX(Kintoneデータ抽出!I:I, _xlfn.AGGREGATE(15, 6, ROW(Kintoneデータ抽出!$K$2:$K$5000) / ((Kintoneデータ抽出!$K$2:$K$5000="院内")), ROW(A23))),"*あり*"),"学童",""),""), "")} | N60: {=IFERROR(IF(INDEX(Kintoneデータ抽出!H:H, _xlfn.AGGREGATE(15, 6, ROW(Kintoneデータ抽出!$K$2:$K$5000) / ((Kintoneデータ抽出!$K$2:$K$5000="院内")), ROW(A23)))<>"", IF(COUNTIF(INDEX(Kintoneデータ抽出!H:H, _xlfn.AGGREGATE(15, 6, ROW(Kintoneデータ抽出!$K$2:$K$5000) / ((Kintoneデータ抽出!$K$2:$K$5000="院内")), ROW(A23))),"*あり*"),"病児",""),""), "")} | O60: {=IFERROR( IF(INDEX(Kintoneデータ抽出!M:M, _xlfn.AGGREGATE(15, 6, ROW(Kintoneデータ抽出!$K$2:$K$5000) / ((Kintoneデータ抽出!$K$2:$K$5000="院内")), ROW(A23)))<>0,INDEX(Kintoneデータ抽出!M:M, _xlfn.AGGREGATE(15, 6, ROW(Kintoneデータ抽出!$K$2:$K$5000) / ((Kintoneデータ抽出!$K$2:$K$5000="院内")), ROW(A23))),""), "")} | P60: {=IFERROR(IF(INDEX(Kintoneデータ抽出!L:L, _xlfn.AGGREGATE(15, 6, ROW(Kintoneデータ抽出!$K$2:$K$5000) / ((Kintoneデータ抽出!$K$2:$K$5000="院内")), ROW(A23)))<>"", IF(COUNTIF(INDEX(Kintoneデータ抽出!L:L, _xlfn.AGGREGATE(15, 6, ROW(Kintoneデータ抽出!$K$2:$K$5000) / ((Kintoneデータ抽出!$K$2:$K$5000="院内")), ROW(A23))),"*企業主導型以外*"),"", IF(COUNTIF(INDEX(Kintoneデータ抽出!L:L, _xlfn.AGGREGATE(15, 6, ROW(Kintoneデータ抽出!$K$2:$K$5000) / ((Kintoneデータ抽出!$K$2:$K$5000="院内")), ROW(A23))),"*その他*"),"", IF(COUNTIF(INDEX(Kintoneデータ抽出!L:L, _xlfn.AGGREGATE(15, 6, ROW(Kintoneデータ抽出!$K$2:$K$5000) / ((Kintoneデータ抽出!$K$2:$K$5000="院内")), ROW(A23))),"*新制度*"),"新制度","企業主導型"))),""), "")}
D61: =IF(H61<>"",D60+1,D60) | F61: {=IFERROR(INDEX(Kintoneデータ抽出!A:A, _xlfn.AGGREGATE(15, 6, ROW(Kintoneデータ抽出!$K$2:$K$5000) / ((Kintoneデータ抽出!$K$2:$K$5000="院内")), ROW(A24))), "")} | G61: {=IFERROR(INDEX(Kintoneデータ抽出!D:D, _xlfn.AGGREGATE(15, 6, ROW(Kintoneデータ抽出!$K$2:$K$5000) / ((Kintoneデータ抽出!$K$2:$K$5000="院内")), ROW(A24))), "")} | H61: {=IFERROR(INDEX(Kintoneデータ抽出!C:C, _xlfn.AGGREGATE(15, 6, ROW(Kintoneデータ抽出!$K$2:$K$5000) / ((Kintoneデータ抽出!$K$2:$K$5000="院内")), ROW(A24))), "")} | I61: {=IFERROR(IF(INDEX(Kintoneデータ抽出!G:G, _xlfn.AGGREGATE(15, 6, ROW(Kintoneデータ抽出!$K$2:$K$5000) / ((Kintoneデータ抽出!$K$2:$K$5000="院内")), ROW(A24)))<>"",INDEX(Kintoneデータ抽出!G:G, _xlfn.AGGREGATE(15, 6, ROW(Kintoneデータ抽出!$K$2:$K$5000) / ((Kintoneデータ抽出!$K$2:$K$5000="院内")), ROW(A24)))&"名",""), "")} | J61: {=IFERROR(IF(INDEX(Kintoneデータ抽出!E:E, _xlfn.AGGREGATE(15, 6, ROW(Kintoneデータ抽出!$K$2:$K$5000) / ((Kintoneデータ抽出!$K$2:$K$5000="院内")), ROW(A24)))<>"", YEAR(INDEX(Kintoneデータ抽出!E:E, _xlfn.AGGREGATE(15, 6, ROW(Kintoneデータ抽出!$K$2:$K$5000) / ((Kintoneデータ抽出!$K$2:$K$5000="院内")), ROW(A24))))&"年" &MONTH(INDEX(Kintoneデータ抽出!E:E, _xlfn.AGGREGATE(15, 6, ROW(Kintoneデータ抽出!$K$2:$K$5000) / ((Kintoneデータ抽出!$K$2:$K$5000="院内")), ROW(A24))))&"月" &DAY(INDEX(Kintoneデータ抽出!E:E, _xlfn.AGGREGATE(15, 6, ROW(Kintoneデータ抽出!$K$2:$K$5000) /((Kintoneデータ抽出!$K$2:$K$5000="院内")), ROW(A24))))&"日",""), "")} | K61: {=IFERROR(IF(INDEX(Kintoneデータ抽出!F:F, _xlfn.AGGREGATE(15, 6, ROW(Kintoneデータ抽出!$K$2:$K$5000) / ((Kintoneデータ抽出!$K$2:$K$5000="院内")), ROW(A24)))<>"", VLOOKUP(INDEX(Kintoneデータ抽出!F:F, _xlfn.AGGREGATE(15, 6, ROW(Kintoneデータ抽出!$K$2:$K$5000) / ((Kintoneデータ抽出!$K$2:$K$5000="院内")), ROW(A24))),基本開園日の表記!$A$2:$B$13,2,FALSE),""), "")} | L61: {=IFERROR(IF(INDEX(Kintoneデータ抽出!F:F, _xlfn.AGGREGATE(15, 6, ROW(Kintoneデータ抽出!$K$2:$K$5000) / ((Kintoneデータ抽出!$K$2:$K$5000="院内")), ROW(A24)))<>"", IF(COUNTIF(INDEX(Kintoneデータ抽出!F:F, _xlfn.AGGREGATE(15, 6, ROW(Kintoneデータ抽出!$K$2:$K$5000) / ((Kintoneデータ抽出!$K$2:$K$5000="院内")), ROW(A24))),"*あり*"),"夜間",""),""), "")} | M61: {=IFERROR(IF(INDEX(Kintoneデータ抽出!I:I, _xlfn.AGGREGATE(15, 6, ROW(Kintoneデータ抽出!$K$2:$K$5000) / ((Kintoneデータ抽出!$K$2:$K$5000="院内")), ROW(A24)))<>"", IF(COUNTIF(INDEX(Kintoneデータ抽出!I:I, _xlfn.AGGREGATE(15, 6, ROW(Kintoneデータ抽出!$K$2:$K$5000) / ((Kintoneデータ抽出!$K$2:$K$5000="院内")), ROW(A24))),"*あり*"),"学童",""),""), "")} | N61: {=IFERROR(IF(INDEX(Kintoneデータ抽出!H:H, _xlfn.AGGREGATE(15, 6, ROW(Kintoneデータ抽出!$K$2:$K$5000) / ((Kintoneデータ抽出!$K$2:$K$5000="院内")), ROW(A24)))<>"", IF(COUNTIF(INDEX(Kintoneデータ抽出!H:H, _xlfn.AGGREGATE(15, 6, ROW(Kintoneデータ抽出!$K$2:$K$5000) / ((Kintoneデータ抽出!$K$2:$K$5000="院内")), ROW(A24))),"*あり*"),"病児",""),""), "")} | O61: {=IFERROR( IF(INDEX(Kintoneデータ抽出!M:M, _xlfn.AGGREGATE(15, 6, ROW(Kintoneデータ抽出!$K$2:$K$5000) / ((Kintoneデータ抽出!$K$2:$K$5000="院内")), ROW(A24)))<>0,INDEX(Kintoneデータ抽出!M:M, _xlfn.AGGREGATE(15, 6, ROW(Kintoneデータ抽出!$K$2:$K$5000) / ((Kintoneデータ抽出!$K$2:$K$5000="院内")), ROW(A24))),""), "")} | P61: {=IFERROR(IF(INDEX(Kintoneデータ抽出!L:L, _xlfn.AGGREGATE(15, 6, ROW(Kintoneデータ抽出!$K$2:$K$5000) / ((Kintoneデータ抽出!$K$2:$K$5000="院内")), ROW(A24)))<>"", IF(COUNTIF(INDEX(Kintoneデータ抽出!L:L, _xlfn.AGGREGATE(15, 6, ROW(Kintoneデータ抽出!$K$2:$K$5000) / ((Kintoneデータ抽出!$K$2:$K$5000="院内")), ROW(A24))),"*企業主導型以外*"),"", IF(COUNTIF(INDEX(Kintoneデータ抽出!L:L, _xlfn.AGGREGATE(15, 6, ROW(Kintoneデータ抽出!$K$2:$K$5000) / ((Kintoneデータ抽出!$K$2:$K$5000="院内")), ROW(A24))),"*その他*"),"", IF(COUNTIF(INDEX(Kintoneデータ抽出!L:L, _xlfn.AGGREGATE(15, 6, ROW(Kintoneデータ抽出!$K$2:$K$5000) / ((Kintoneデータ抽出!$K$2:$K$5000="院内")), ROW(A24))),"*新制度*"),"新制度","企業主導型"))),""), "")}
D62: =IF(H62<>"",D61+1,D61) | F62: {=IFERROR(INDEX(Kintoneデータ抽出!A:A, _xlfn.AGGREGATE(15, 6, ROW(Kintoneデータ抽出!$K$2:$K$5000) / ((Kintoneデータ抽出!$K$2:$K$5000="院内")), ROW(A25))), "")} | G62: {=IFERROR(INDEX(Kintoneデータ抽出!D:D, _xlfn.AGGREGATE(15, 6, ROW(Kintoneデータ抽出!$K$2:$K$5000) / ((Kintoneデータ抽出!$K$2:$K$5000="院内")), ROW(A25))), "")} | H62: {=IFERROR(INDEX(Kintoneデータ抽出!C:C, _xlfn.AGGREGATE(15, 6, ROW(Kintoneデータ抽出!$K$2:$K$5000) / ((Kintoneデータ抽出!$K$2:$K$5000="院内")), ROW(A25))), "")} | I62: {=IFERROR(IF(INDEX(Kintoneデータ抽出!G:G, _xlfn.AGGREGATE(15, 6, ROW(Kintoneデータ抽出!$K$2:$K$5000) / ((Kintoneデータ抽出!$K$2:$K$5000="院内")), ROW(A25)))<>"",INDEX(Kintoneデータ抽出!G:G, _xlfn.AGGREGATE(15, 6, ROW(Kintoneデータ抽出!$K$2:$K$5000) / ((Kintoneデータ抽出!$K$2:$K$5000="院内")), ROW(A25)))&"名",""), "")} | J62: {=IFERROR(IF(INDEX(Kintoneデータ抽出!E:E, _xlfn.AGGREGATE(15, 6, ROW(Kintoneデータ抽出!$K$2:$K$5000) / ((Kintoneデータ抽出!$K$2:$K$5000="院内")), ROW(A25)))<>"", YEAR(INDEX(Kintoneデータ抽出!E:E, _xlfn.AGGREGATE(15, 6, ROW(Kintoneデータ抽出!$K$2:$K$5000) / ((Kintoneデータ抽出!$K$2:$K$5000="院内")), ROW(A25))))&"年" &MONTH(INDEX(Kintoneデータ抽出!E:E, _xlfn.AGGREGATE(15, 6, ROW(Kintoneデータ抽出!$K$2:$K$5000) / ((Kintoneデータ抽出!$K$2:$K$5000="院内")), ROW(A25))))&"月" &DAY(INDEX(Kintoneデータ抽出!E:E, _xlfn.AGGREGATE(15, 6, ROW(Kintoneデータ抽出!$K$2:$K$5000) /((Kintoneデータ抽出!$K$2:$K$5000="院内")), ROW(A25))))&"日",""), "")} | K62: {=IFERROR(IF(INDEX(Kintoneデータ抽出!F:F, _xlfn.AGGREGATE(15, 6, ROW(Kintoneデータ抽出!$K$2:$K$5000) / ((Kintoneデータ抽出!$K$2:$K$5000="院内")), ROW(A25)))<>"", VLOOKUP(INDEX(Kintoneデータ抽出!F:F, _xlfn.AGGREGATE(15, 6, ROW(Kintoneデータ抽出!$K$2:$K$5000) / ((Kintoneデータ抽出!$K$2:$K$5000="院内")), ROW(A25))),基本開園日の表記!$A$2:$B$13,2,FALSE),""), "")} | L62: {=IFERROR(IF(INDEX(Kintoneデータ抽出!F:F, _xlfn.AGGREGATE(15, 6, ROW(Kintoneデータ抽出!$K$2:$K$5000) / ((Kintoneデータ抽出!$K$2:$K$5000="院内")), ROW(A25)))<>"", IF(COUNTIF(INDEX(Kintoneデータ抽出!F:F, _xlfn.AGGREGATE(15, 6, ROW(Kintoneデータ抽出!$K$2:$K$5000) / ((Kintoneデータ抽出!$K$2:$K$5000="院内")), ROW(A25))),"*あり*"),"夜間",""),""), "")} | M62: {=IFERROR(IF(INDEX(Kintoneデータ抽出!I:I, _xlfn.AGGREGATE(15, 6, ROW(Kintoneデータ抽出!$K$2:$K$5000) / ((Kintoneデータ抽出!$K$2:$K$5000="院内")), ROW(A25)))<>"", IF(COUNTIF(INDEX(Kintoneデータ抽出!I:I, _xlfn.AGGREGATE(15, 6, ROW(Kintoneデータ抽出!$K$2:$K$5000) / ((Kintoneデータ抽出!$K$2:$K$5000="院内")), ROW(A25))),"*あり*"),"学童",""),""), "")} | N62: {=IFERROR(IF(INDEX(Kintoneデータ抽出!H:H, _xlfn.AGGREGATE(15, 6, ROW(Kintoneデータ抽出!$K$2:$K$5000) / ((Kintoneデータ抽出!$K$2:$K$5000="院内")), ROW(A25)))<>"", IF(COUNTIF(INDEX(Kintoneデータ抽出!H:H, _xlfn.AGGREGATE(15, 6, ROW(Kintoneデータ抽出!$K$2:$K$5000) / ((Kintoneデータ抽出!$K$2:$K$5000="院内")), ROW(A25))),"*あり*"),"病児",""),""), "")} | O62: {=IFERROR( IF(INDEX(Kintoneデータ抽出!M:M, _xlfn.AGGREGATE(15, 6, ROW(Kintoneデータ抽出!$K$2:$K$5000) / ((Kintoneデータ抽出!$K$2:$K$5000="院内")), ROW(A25)))<>0,INDEX(Kintoneデータ抽出!M:M, _xlfn.AGGREGATE(15, 6, ROW(Kintoneデータ抽出!$K$2:$K$5000) / ((Kintoneデータ抽出!$K$2:$K$5000="院内")), ROW(A25))),""), "")} | P62: {=IFERROR(IF(INDEX(Kintoneデータ抽出!L:L, _xlfn.AGGREGATE(15, 6, ROW(Kintoneデータ抽出!$K$2:$K$5000) / ((Kintoneデータ抽出!$K$2:$K$5000="院内")), ROW(A25)))<>"", IF(COUNTIF(INDEX(Kintoneデータ抽出!L:L, _xlfn.AGGREGATE(15, 6, ROW(Kintoneデータ抽出!$K$2:$K$5000) / ((Kintoneデータ抽出!$K$2:$K$5000="院内")), ROW(A25))),"*企業主導型以外*"),"", IF(COUNTIF(INDEX(Kintoneデータ抽出!L:L, _xlfn.AGGREGATE(15, 6, ROW(Kintoneデータ抽出!$K$2:$K$5000) / ((Kintoneデータ抽出!$K$2:$K$5000="院内")), ROW(A25))),"*その他*"),"", IF(COUNTIF(INDEX(Kintoneデータ抽出!L:L, _xlfn.AGGREGATE(15, 6, ROW(Kintoneデータ抽出!$K$2:$K$5000) / ((Kintoneデータ抽出!$K$2:$K$5000="院内")), ROW(A25))),"*新制度*"),"新制度","企業主導型"))),""), "")}
D63: =IF(H63<>"",D62+1,D62) | F63: {=IFERROR(INDEX(Kintoneデータ抽出!A:A, _xlfn.AGGREGATE(15, 6, ROW(Kintoneデータ抽出!$K$2:$K$5000) / ((Kintoneデータ抽出!$K$2:$K$5000="院内")), ROW(A26))), "")} | G63: {=IFERROR(INDEX(Kintoneデータ抽出!D:D, _xlfn.AGGREGATE(15, 6, ROW(Kintoneデータ抽出!$K$2:$K$5000) / ((Kintoneデータ抽出!$K$2:$K$5000="院内")), ROW(A26))), "")} | H63: {=IFERROR(INDEX(Kintoneデータ抽出!C:C, _xlfn.AGGREGATE(15, 6, ROW(Kintoneデータ抽出!$K$2:$K$5000) / ((Kintoneデータ抽出!$K$2:$K$5000="院内")), ROW(A26))), "")} | I63: {=IFERROR(IF(INDEX(Kintoneデータ抽出!G:G, _xlfn.AGGREGATE(15, 6, ROW(Kintoneデータ抽出!$K$2:$K$5000) / ((Kintoneデータ抽出!$K$2:$K$5000="院内")), ROW(A26)))<>"",INDEX(Kintoneデータ抽出!G:G, _xlfn.AGGREGATE(15, 6, ROW(Kintoneデータ抽出!$K$2:$K$5000) / ((Kintoneデータ抽出!$K$2:$K$5000="院内")), ROW(A26)))&"名",""), "")} | J63: {=IFERROR(IF(INDEX(Kintoneデータ抽出!E:E, _xlfn.AGGREGATE(15, 6, ROW(Kintoneデータ抽出!$K$2:$K$5000) / ((Kintoneデータ抽出!$K$2:$K$5000="院内")), ROW(A26)))<>"", YEAR(INDEX(Kintoneデータ抽出!E:E, _xlfn.AGGREGATE(15, 6, ROW(Kintoneデータ抽出!$K$2:$K$5000) / ((Kintoneデータ抽出!$K$2:$K$5000="院内")), ROW(A26))))&"年" &MONTH(INDEX(Kintoneデータ抽出!E:E, _xlfn.AGGREGATE(15, 6, ROW(Kintoneデータ抽出!$K$2:$K$5000) / ((Kintoneデータ抽出!$K$2:$K$5000="院内")), ROW(A26))))&"月" &DAY(INDEX(Kintoneデータ抽出!E:E, _xlfn.AGGREGATE(15, 6, ROW(Kintoneデータ抽出!$K$2:$K$5000) /((Kintoneデータ抽出!$K$2:$K$5000="院内")), ROW(A26))))&"日",""), "")} | K63: {=IFERROR(IF(INDEX(Kintoneデータ抽出!F:F, _xlfn.AGGREGATE(15, 6, ROW(Kintoneデータ抽出!$K$2:$K$5000) / ((Kintoneデータ抽出!$K$2:$K$5000="院内")), ROW(A26)))<>"", VLOOKUP(INDEX(Kintoneデータ抽出!F:F, _xlfn.AGGREGATE(15, 6, ROW(Kintoneデータ抽出!$K$2:$K$5000) / ((Kintoneデータ抽出!$K$2:$K$5000="院内")), ROW(A26))),基本開園日の表記!$A$2:$B$13,2,FALSE),""), "")} | L63: {=IFERROR(IF(INDEX(Kintoneデータ抽出!F:F, _xlfn.AGGREGATE(15, 6, ROW(Kintoneデータ抽出!$K$2:$K$5000) / ((Kintoneデータ抽出!$K$2:$K$5000="院内")), ROW(A26)))<>"", IF(COUNTIF(INDEX(Kintoneデータ抽出!F:F, _xlfn.AGGREGATE(15, 6, ROW(Kintoneデータ抽出!$K$2:$K$5000) / ((Kintoneデータ抽出!$K$2:$K$5000="院内")), ROW(A26))),"*あり*"),"夜間",""),""), "")} | M63: {=IFERROR(IF(INDEX(Kintoneデータ抽出!I:I, _xlfn.AGGREGATE(15, 6, ROW(Kintoneデータ抽出!$K$2:$K$5000) / ((Kintoneデータ抽出!$K$2:$K$5000="院内")), ROW(A26)))<>"", IF(COUNTIF(INDEX(Kintoneデータ抽出!I:I, _xlfn.AGGREGATE(15, 6, ROW(Kintoneデータ抽出!$K$2:$K$5000) / ((Kintoneデータ抽出!$K$2:$K$5000="院内")), ROW(A26))),"*あり*"),"学童",""),""), "")} | N63: {=IFERROR(IF(INDEX(Kintoneデータ抽出!H:H, _xlfn.AGGREGATE(15, 6, ROW(Kintoneデータ抽出!$K$2:$K$5000) / ((Kintoneデータ抽出!$K$2:$K$5000="院内")), ROW(A26)))<>"", IF(COUNTIF(INDEX(Kintoneデータ抽出!H:H, _xlfn.AGGREGATE(15, 6, ROW(Kintoneデータ抽出!$K$2:$K$5000) / ((Kintoneデータ抽出!$K$2:$K$5000="院内")), ROW(A26))),"*あり*"),"病児",""),""), "")} | O63: {=IFERROR( IF(INDEX(Kintoneデータ抽出!M:M, _xlfn.AGGREGATE(15, 6, ROW(Kintoneデータ抽出!$K$2:$K$5000) / ((Kintoneデータ抽出!$K$2:$K$5000="院内")), ROW(A26)))<>0,INDEX(Kintoneデータ抽出!M:M, _xlfn.AGGREGATE(15, 6, ROW(Kintoneデータ抽出!$K$2:$K$5000) / ((Kintoneデータ抽出!$K$2:$K$5000="院内")), ROW(A26))),""), "")} | P63: {=IFERROR(IF(INDEX(Kintoneデータ抽出!L:L, _xlfn.AGGREGATE(15, 6, ROW(Kintoneデータ抽出!$K$2:$K$5000) / ((Kintoneデータ抽出!$K$2:$K$5000="院内")), ROW(A26)))<>"", IF(COUNTIF(INDEX(Kintoneデータ抽出!L:L, _xlfn.AGGREGATE(15, 6, ROW(Kintoneデータ抽出!$K$2:$K$5000) / ((Kintoneデータ抽出!$K$2:$K$5000="院内")), ROW(A26))),"*企業主導型以外*"),"", IF(COUNTIF(INDEX(Kintoneデータ抽出!L:L, _xlfn.AGGREGATE(15, 6, ROW(Kintoneデータ抽出!$K$2:$K$5000) / ((Kintoneデータ抽出!$K$2:$K$5000="院内")), ROW(A26))),"*その他*"),"", IF(COUNTIF(INDEX(Kintoneデータ抽出!L:L, _xlfn.AGGREGATE(15, 6, ROW(Kintoneデータ抽出!$K$2:$K$5000) / ((Kintoneデータ抽出!$K$2:$K$5000="院内")), ROW(A26))),"*新制度*"),"新制度","企業主導型"))),""), "")}
... D67: =IF(H67<>"",D66+1,D66) | F67: {=IFERROR(INDEX(Kintoneデータ抽出!A:A, _xlfn.AGGREGATE(15, 6, ROW(Kintoneデータ抽出!$K$2:$K$5000) / ((Kintoneデータ抽出!$K$2:$K$5000="院内")), ROW(A30))), "")} | G67: {=IFERROR(INDEX(Kintoneデータ抽出!D:D, _xlfn.AGGREGATE(15, 6, ROW(Kintoneデータ抽出!$K$2:$K$5000) / ((Kintoneデータ抽出!$K$2:$K$5000="院内")), ROW(A30))), "")} | H67: {=IFERROR(INDEX(Kintoneデータ抽出!C:C, _xlfn.AGGREGATE(15, 6, ROW(Kintoneデータ抽出!$K$2:$K$5000) / ((Kintoneデータ抽出!$K$2:$K$5000="院内")), ROW(A30))), "")} | I67: {=IFERROR(IF(INDEX(Kintoneデータ抽出!G:G, _xlfn.AGGREGATE(15, 6, ROW(Kintoneデータ抽出!$K$2:$K$5000) / ((Kintoneデータ抽出!$K$2:$K$5000="院内")), ROW(A30)))<>"",INDEX(Kintoneデータ抽出!G:G, _xlfn.AGGREGATE(15, 6, ROW(Kintoneデータ抽出!$K$2:$K$5000) / ((Kintoneデータ抽出!$K$2:$K$5000="院内")), ROW(A30)))&"名",""), "")} | J67: {=IFERROR(IF(INDEX(Kintoneデータ抽出!E:E, _xlfn.AGGREGATE(15, 6, ROW(Kintoneデータ抽出!$K$2:$K$5000) / ((Kintoneデータ抽出!$K$2:$K$5000="院内")), ROW(A30)))<>"", YEAR(INDEX(Kintoneデータ抽出!E:E, _xlfn.AGGREGATE(15, 6, ROW(Kintoneデータ抽出!$K$2:$K$5000) / ((Kintoneデータ抽出!$K$2:$K$5000="院内")), ROW(A30))))&"年" &MONTH(INDEX(Kintoneデータ抽出!E:E, _xlfn.AGGREGATE(15, 6, ROW(Kintoneデータ抽出!$K$2:$K$5000) / ((Kintoneデータ抽出!$K$2:$K$5000="院内")), ROW(A30))))&"月" &DAY(INDEX(Kintoneデータ抽出!E:E, _xlfn.AGGREGATE(15, 6, ROW(Kintoneデータ抽出!$K$2:$K$5000) /((Kintoneデータ抽出!$K$2:$K$5000="院内")), ROW(A30))))&"日",""), "")} | K67: {=IFERROR(IF(INDEX(Kintoneデータ抽出!F:F, _xlfn.AGGREGATE(15, 6, ROW(Kintoneデータ抽出!$K$2:$K$5000) / ((Kintoneデータ抽出!$K$2:$K$5000="院内")), ROW(A30)))<>"", VLOOKUP(INDEX(Kintoneデータ抽出!F:F, _xlfn.AGGREGATE(15, 6, ROW(Kintoneデータ抽出!$K$2:$K$5000) / ((Kintoneデータ抽出!$K$2:$K$5000="院内")), ROW(A30))),基本開園日の表記!$A$2:$B$13,2,FALSE),""), "")} | L67: {=IFERROR(IF(INDEX(Kintoneデータ抽出!F:F, _xlfn.AGGREGATE(15, 6, ROW(Kintoneデータ抽出!$K$2:$K$5000) / ((Kintoneデータ抽出!$K$2:$K$5000="院内")), ROW(A30)))<>"", IF(COUNTIF(INDEX(Kintoneデータ抽出!F:F, _xlfn.AGGREGATE(15, 6, ROW(Kintoneデータ抽出!$K$2:$K$5000) / ((Kintoneデータ抽出!$K$2:$K$5000="院内")), ROW(A30))),"*あり*"),"夜間",""),""), "")} | M67: {=IFERROR(IF(INDEX(Kintoneデータ抽出!I:I, _xlfn.AGGREGATE(15, 6, ROW(Kintoneデータ抽出!$K$2:$K$5000) / ((Kintoneデータ抽出!$K$2:$K$5000="院内")), ROW(A30)))<>"", IF(COUNTIF(INDEX(Kintoneデータ抽出!I:I, _xlfn.AGGREGATE(15, 6, ROW(Kintoneデータ抽出!$K$2:$K$5000) / ((Kintoneデータ抽出!$K$2:$K$5000="院内")), ROW(A30))),"*あり*"),"学童",""),""), "")} | N67: {=IFERROR(IF(INDEX(Kintoneデータ抽出!H:H, _xlfn.AGGREGATE(15, 6, ROW(Kintoneデータ抽出!$K$2:$K$5000) / ((Kintoneデータ抽出!$K$2:$K$5000="院内")), ROW(A30)))<>"", IF(COUNTIF(INDEX(Kintoneデータ抽出!H:H, _xlfn.AGGREGATE(15, 6, ROW(Kintoneデータ抽出!$K$2:$K$5000) / ((Kintoneデータ抽出!$K$2:$K$5000="院内")), ROW(A30))),"*あり*"),"病児",""),""), "")} | O67: {=IFERROR( IF(INDEX(Kintoneデータ抽出!M:M, _xlfn.AGGREGATE(15, 6, ROW(Kintoneデータ抽出!$K$2:$K$5000) / ((Kintoneデータ抽出!$K$2:$K$5000="院内")), ROW(A30)))<>0,INDEX(Kintoneデータ抽出!M:M, _xlfn.AGGREGATE(15, 6, ROW(Kintoneデータ抽出!$K$2:$K$5000) / ((Kintoneデータ抽出!$K$2:$K$5000="院内")), ROW(A30))),""), "")} | P67: {=IFERROR(IF(INDEX(Kintoneデータ抽出!L:L, _xlfn.AGGREGATE(15, 6, ROW(Kintoneデータ抽出!$K$2:$K$5000) / ((Kintoneデータ抽出!$K$2:$K$5000="院内")), ROW(A30)))<>"", IF(COUNTIF(INDEX(Kintoneデータ抽出!L:L, _xlfn.AGGREGATE(15, 6, ROW(Kintoneデータ抽出!$K$2:$K$5000) / ((Kintoneデータ抽出!$K$2:$K$5000="院内")), ROW(A30))),"*企業主導型以外*"),"", IF(COUNTIF(INDEX(Kintoneデータ抽出!L:L, _xlfn.AGGREGATE(15, 6, ROW(Kintoneデータ抽出!$K$2:$K$5000) / ((Kintoneデータ抽出!$K$2:$K$5000="院内")), ROW(A30))),"*その他*"),"", IF(COUNTIF(INDEX(Kintoneデータ抽出!L:L, _xlfn.AGGREGATE(15, 6, ROW(Kintoneデータ抽出!$K$2:$K$5000) / ((Kintoneデータ抽出!$K$2:$K$5000="院内")), ROW(A30))),"*新制度*"),"新制度","企業主導型"))),""), "")}
